log4j-1.2-api-2.0.1.jar,850e93d964bf6741da70c6f040f3db88bdaec147
log4j-1.2-api-2.0.1-javadoc.jar,63001f3a038cace07bc83e0ad6e464af2b19bed5
log4j-1.2-api-2.0.1-sources.jar,310cc6e82ce7b41a77e73331e72bd8c85ceb81f4
log4j-api-2.0.1.jar,b705d54674992e063b04b34a824af1948b0bfcc6
log4j-api-2.0.1-javadoc.jar,407069b2377c94cdf0ee61ea3d376ef2171f1453
log4j-api-2.0.1-sources.jar,d618d2495ba467089cf76a2638766be08233331c
log4j-core-2.0.1.jar,895130076efaf6dcafb741ed7e97f2d346903708
log4j-core-2.0.1-javadoc.jar,8582fbf0581c8c0e35c2eb7d44b251b0d10b8953
log4j-core-2.0.1-sources.jar,9aa414a81e612b15eea7cde1f94989143f70cd00
log4j-core-2.0.1-tests.jar,c476a0cd4cc5db4574fe83ca30e0c975c7234ee3
log4j-flume-ng-2.0.1.jar,ce4fbff1c1a1b113f2b9db564aaa8992239fb17e
log4j-flume-ng-2.0.1-javadoc.jar,fdc984478342f1ab274d419b7237784608220121
log4j-flume-ng-2.0.1-sources.jar,36e2bf6832185ff9410b16bb678a0b81a47bb728
log4j-jcl-2.0.1.jar,9b09f325a99cbe4e000007416a1795091f434a56
log4j-jcl-2.0.1-javadoc.jar,9ccc1f8ff5fc765c50400f4429130d8853e9d843
log4j-jcl-2.0.1-sources.jar,7caf34cd5515df838eff042d08ce7dc4c9db5f0a
log4j-jmx-gui-2.0.1.jar,85bad8d3b0593b8215ed382c1f94c71d082dfd3d
log4j-jmx-gui-2.0.1-javadoc.jar,bfc9d3e559c29548dcad34afa5d1be1505d96777
log4j-jmx-gui-2.0.1-sources.jar,9bf09a60a694037c12a69a90ccadbf5e5538b027
log4j-nosql-2.0.1.jar,06190dd74761203519d11bb901f8b34316d7dfc9
log4j-nosql-2.0.1-javadoc.jar,ecc3bb66410bba333b9ba17104240c79c0065004
log4j-nosql-2.0.1-sources.jar,ea51ac9426d9ecc93888647d015c217739e72943
log4j-slf4j-impl-2.0.1.jar,54fa251f69bc0d5f3b9f60d9a4806c3d1228f216
log4j-slf4j-impl-2.0.1-javadoc.jar,868faacf87e2fe5608a53e22efb13132bad2140f
log4j-slf4j-impl-2.0.1-sources.jar,799379f6abbad018034251352ecb7745cc54a21b
log4j-taglib-2.0.1.jar,14fdb1d5844f9630d2cfd547adefb862e2f54c64
log4j-taglib-2.0.1-javadoc.jar,b098e4d3a39c07339f6018e9ea2f9b8c296418e5
log4j-taglib-2.0.1-sources.jar,803d700f9fc997b9a0d424ed4354294dcb547364
log4j-to-slf4j-2.0.1.jar,b1fc2d41912e3b270c202fea2f8b9e4f79a4ba11
log4j-to-slf4j-2.0.1-javadoc.jar,05f089cae74002465f8140507e7f1ce17a55bf83
log4j-to-slf4j-2.0.1-sources.jar,4dbf01c17aa41aacc02ab6c72ebe3a5f04383f71
log4j-web-2.0.1.jar,6600addd89f6856971333d552992a2a763d06915
log4j-web-2.0.1-javadoc.jar,7c6599ef193070671513236c587f328d42e55925
log4j-web-2.0.1-sources.jar,40926924154a6c17c84ef816c8a95096a011a29b
log4j-1.2-api-2.0.2.jar,7c5170775e68587dd3b369137c152fffa8f6a0af
log4j-1.2-api-2.0.2-javadoc.jar,dc5187be40116a7466be38a58940a902a384b2a9
log4j-1.2-api-2.0.2-sources.jar,b3510e3410cb31dd251872b3e7a80261be2ef754
log4j-api-2.0.2.jar,8bc86f5add32e0259d83d1b62ab64f9ecfda109d
log4j-api-2.0.2-javadoc.jar,7eebfdf9d8143fb56d3b2b5a94ef458e25470d34
log4j-api-2.0.2-sources.jar,31e5d89b249dec5bfc38dd9c2ecba8307e0dea06
log4j-core-2.0.2.jar,13521c5364501478e28c77a7f86b90b6ed5dbb77
log4j-core-2.0.2-javadoc.jar,5bf793309da6f25def8556f204e58d3633d152a2
log4j-core-2.0.2-sources.jar,c5be482611e2cf5538ab55c4d93fab5220aaee29
log4j-core-2.0.2-tests.jar,39ceba94cf181f345d2b7c84a4c16b243bbeacfd
log4j-flume-ng-2.0.2.jar,5e8b779ec29c2a9e3afc4a5c65ceb013bb4ce839
log4j-flume-ng-2.0.2-javadoc.jar,a61e0e998de2789c8c8f8364e4515ddfaa3599ac
log4j-flume-ng-2.0.2-sources.jar,e135a4b0ecf268d7f60366e122118f06d89f772c
log4j-jcl-2.0.2.jar,3b3803b7418391b929d70d4ff654d486a94fde51
log4j-jcl-2.0.2-javadoc.jar,defbcf667c3b5ec35cd9367e4a51cfcc7eefb342
log4j-jcl-2.0.2-sources.jar,33ec5711362a1be4aa119297e0ec8e1150fca016
log4j-jmx-gui-2.0.2.jar,05aaf1d721b1976a8e444fd6964150bbd4c6dbc5
log4j-jmx-gui-2.0.2-javadoc.jar,bad95362165dcebdb368a7a4abefdea5303b338f
log4j-jmx-gui-2.0.2-sources.jar,7b37240609423f3d2fe32253390df26701732da4
log4j-nosql-2.0.2.jar,0be1a88256c9edd036b36104294ea8867b775002
log4j-nosql-2.0.2-javadoc.jar,6b5ceb87f07a753cd401d3b443f81a7b73b29dbe
log4j-nosql-2.0.2-sources.jar,cb87d3a4b3f1c92692be1295728b00dd5f35de89
log4j-slf4j-impl-2.0.2.jar,f2cc4647e51810c3dd11df832229fac01d41aa51
log4j-slf4j-impl-2.0.2-javadoc.jar,0a2380b6fade4dac9dc48e61791a5c0dbed689e6
log4j-slf4j-impl-2.0.2-sources.jar,3e63809d6e07941f889370992d96e92a1b2813e1
log4j-taglib-2.0.2.jar,baf2062c24417e33e4b1cd6afd1c9fadc5592953
log4j-taglib-2.0.2-javadoc.jar,b829f48dcaf3c69611c33f99a747fd2b92ae13ce
log4j-taglib-2.0.2-sources.jar,b22e9b4eb3c199d5cc7a639b518c664686337a1b
log4j-to-slf4j-2.0.2.jar,40a74ce60d82d856440988a3c783948979daf7ff
log4j-to-slf4j-2.0.2-javadoc.jar,80cdd30eee05d1d55dc69d1631c05a733681a1d8
log4j-to-slf4j-2.0.2-sources.jar,e9306cc22c9f51c7349da9e062e9e91abb5c08b1
log4j-web-2.0.2.jar,d3dc93d134cbaf4ac362705990bdeabab1dbe59b
log4j-web-2.0.2-javadoc.jar,5c57a0f46f67732e9590d2b0b05dec67f87e4368
log4j-web-2.0.2-sources.jar,54a300b9fee0e32151ee6319d7fefcba7c986e40
log4j-1.2-api-2.0-beta9.jar,c4384502d6a4d21ad74aa8223c9db5c82f5bcc04
log4j-1.2-api-2.0-beta9-javadoc.jar,2e37853e79ecf0b1381d71dac8416dff1f84a428
log4j-1.2-api-2.0-beta9-sources.jar,8bb18e05ba9c979eda735ddcf145af0c97698c06
log4j-api-2.0-beta9.jar,1dd66e68cccd907880229f9e2de1314bd13ff785
log4j-api-2.0-beta9-javadoc.jar,204e63d075caf4035707a92bab186517e2b28bab
log4j-api-2.0-beta9-sources.jar,c6682b8a47ddd9f29108838aed0dc8e0ffdedf68
log4j-core-2.0-beta9.jar,678861ba1b2e1fccb594bb0ca03114bb05da9695
log4j-core-2.0-beta9-javadoc.jar,df430ccb0bc8a29128ff8262bff145176d55edb1
log4j-core-2.0-beta9-sources.jar,c7da50fd52d6ee6991a0e16e2df1431f7656a7f4
log4j-core-2.0-beta9-tests.jar,34e3e3297af00e6f10dbb414ce843e305ca76802
log4j-flume-ng-2.0-beta9.jar,762efd6f8373466a9fafdf29f0d4faac08493408
log4j-flume-ng-2.0-beta9-javadoc.jar,5843f3e43341b8f2f2a393dc079d2b46dc1b8348
log4j-flume-ng-2.0-beta9-sources.jar,24c7d2ab5d87cb78acd6ad5af7ccf7d87891a5ba
log4j-jcl-2.0-beta9.jar,c6722fb1df81b4186eb7ec54fd7294386e43d701
log4j-jcl-2.0-beta9-javadoc.jar,570c378ba3716c9d8b8ca0db2a3d96ca31ad3d4d
log4j-jcl-2.0-beta9-sources.jar,745c706be5e435534ff7aeee269bb922eb5e74a6
log4j-jmx-gui-2.0-beta9.jar,95f299457466607e4ff34fec550d3d2dd5faa618
log4j-jmx-gui-2.0-beta9-javadoc.jar,fac1020f594210b4396813785a3a2b2be50c8d5c
log4j-jmx-gui-2.0-beta9-sources.jar,7ebeb5fabe448c2ea877e5e64aefb3166d9c8cb2
log4j-slf4j-impl-2.0-beta9.jar,e970fc3c10144a521d691db4ac38027cc1935b74
log4j-slf4j-impl-2.0-beta9-javadoc.jar,0814c483469b6092f510b97d3aedf97c36073fe2
log4j-slf4j-impl-2.0-beta9-sources.jar,8b6458486d1b072fdbf98ca5469124a9a073e49b
log4j-taglib-2.0-beta9.jar,f07f3baa55459e75f318f7849a6bee1616b78462
log4j-taglib-2.0-beta9-javadoc.jar,ac305a04a8967f02113ebc414e3a2ee7bc67332b
log4j-taglib-2.0-beta9-sources.jar,2adaa41ed2dc7c82378dbf0235dfc88f189434ee
log4j-to-slf4j-2.0-beta9.jar,0c10ddd93b8c71741dfa854c5f091a262b043e80
log4j-to-slf4j-2.0-beta9-javadoc.jar,b4e7c16bd754ace633c16935239877e207854706
log4j-to-slf4j-2.0-beta9-sources.jar,49c91d306c9e9298f688ecb42c4019aed142c1fc
log4j-1.2-api-2.0.jar,3c5898447a3bff0d4d360a597cdac0dce0f9e90d
log4j-1.2-api-2.0-javadoc.jar,4d358dbebf03c11ca1f4f532235b3cdb733b4a16
log4j-1.2-api-2.0-sources.jar,af20e0ab9e74b97c2eba3737c90ec16ca83d0d98
log4j-api-2.0.jar,a9fac4d09bed0a48ab344ae8cf3d0a9c0621a168
log4j-api-2.0-javadoc.jar,532ed51d888dce289b8619d36392dbc90c55795f
log4j-api-2.0-sources.jar,5b9741931899dbcb575999c61c7a8e085450bd88
log4j-core-2.0.jar,7621fe28ce0122d96006bdb56c8e2cfb2a3afb92
log4j-core-2.0-javadoc.jar,6e6f0ffce80358f10b1df46355e906ec5c50e147
log4j-core-2.0-sources.jar,9391dda86f2be5b400a3e4d92b817f92d6f90703
log4j-core-2.0-tests.jar,c4b4d1268f2e836544a06af1cd5047abf7c5a15d
log4j-flume-ng-2.0.jar,50cfa8dd0ef1deef7c032a2761827107d951b351
log4j-flume-ng-2.0-javadoc.jar,0b2065665fb7ca83efbac4a5d42d4f3896e93550
log4j-flume-ng-2.0-sources.jar,0ccc1e4b8a8adc5b7a2e2218265423b984385ffc
log4j-jcl-2.0.jar,355c5510ef236ff107d8c8802ce757ae2bdb6954
log4j-jcl-2.0-javadoc.jar,a2c08b8f5553564a562c174cf0024b88f8f28f42
log4j-jcl-2.0-sources.jar,648fabd86ae291c8f2f8b16717de03d661424bcd
log4j-jmx-gui-2.0.jar,0e52430a7abc06ffaeeca21f2147c6837b02422d
log4j-jmx-gui-2.0-javadoc.jar,3513ebf9c7aff16bd972b47567cb4f60e827da13
log4j-jmx-gui-2.0-sources.jar,af7d3ba2f728ad19a8bcaa904c6a8bbb4c98c203
log4j-nosql-2.0.jar,ede9fe687197cc86a20a6ea4b2ead48ceb544a43
log4j-nosql-2.0-javadoc.jar,41fd9d105ae6c4eb4ed61f72836e2c8e0d866694
log4j-nosql-2.0-sources.jar,526f492a8cbdbb8129cae170b2549ab4d819ccf8
log4j-slf4j-impl-2.0.jar,435f7a4b8c59a70bcbdbdf964a0db10fc81eff6f
log4j-slf4j-impl-2.0-javadoc.jar,f269a11548d2d5d6e5ff8f8cd5eb8bb861a8c650
log4j-slf4j-impl-2.0-sources.jar,1d470c1a04a784e83cc7cdf579d493032ad9b185
log4j-taglib-2.0.jar,1f12a58cf3e898161dd8a89156c7bfa5f5946e98
log4j-taglib-2.0-javadoc.jar,4f1cbe7bfe645e640bc46e19988a1a1a27527bb4
log4j-taglib-2.0-sources.jar,aef4ccbdcf1e77c77474e7e2dfc7f425acf9949e
log4j-to-slf4j-2.0.jar,3e50ffda27e14cffa191ccd8ee466a3219eba7a1
log4j-to-slf4j-2.0-javadoc.jar,2c5072e97fdba42ec85a68d9666da9e4ed45c634
log4j-to-slf4j-2.0-sources.jar,60c6dae79948d72b6d25cc7f56631e110cb24f62
log4j-web-2.0.jar,1ad17977b2a1b47708c1d99cf136b90c13d35c2e
log4j-web-2.0-javadoc.jar,f31cff4f2d13ed7832f8d9392c241cf88f4bdd20
log4j-web-2.0-sources.jar,f1adf1d91a2317816ea7734c3fe830e61db3314e
log4j-1.2-api-2.0-rc1.jar,bda955d92443dabc488a755172b0668f51ccba7a
log4j-1.2-api-2.0-rc1-javadoc.jar,9021b8ffaf6bdf8abdc873727fa4df9c4a38dfe4
log4j-1.2-api-2.0-rc1-sources.jar,029efa987603056ec86612389eb40c71d87ccce4
log4j-api-2.0-rc1.jar,6db18fe48f391d302568a2cc246bbb9885edaa51
log4j-api-2.0-rc1-javadoc.jar,372568e5e52478b6e771acbb1ed985ddf3b813e8
log4j-api-2.0-rc1-sources.jar,3f5cc4c8f2064e158c09dca453fe02c482378040
log4j-core-2.0-rc1.jar,4363cdf913a584fe8fa72cf4c0eaae181ef7d1eb
log4j-core-2.0-rc1-javadoc.jar,23bf5b8ded006611e97dee53e59c67e705c8d6a0
log4j-core-2.0-rc1-sources.jar,bb3513845f32f63b815f735e5262f6d6c6421fc9
log4j-core-2.0-rc1-tests.jar,6ba2608c366d4a07d2fe9fbacac5d4d19d6b73a7
log4j-flume-ng-2.0-rc1.jar,e82a6d9c197dbd9793422ef05d67a2d74a13e3d0
log4j-flume-ng-2.0-rc1-javadoc.jar,745ad3d532200678e367d627ca2b89346f692deb
log4j-flume-ng-2.0-rc1-sources.jar,4c285805bc9fbe06cb131508051e030271ed04c1
log4j-jcl-2.0-rc1.jar,db16c2e0afbdc1c459c93e6d5bd47f14855836f1
log4j-jcl-2.0-rc1-javadoc.jar,0b06c05d8cf769b4fd260db4fe77b143dc95f2d7
log4j-jcl-2.0-rc1-sources.jar,cf07f28d27ce347467c8f08b573983f2702257ad
log4j-jmx-gui-2.0-rc1.jar,d25d4bf724f9826a2a2d2a810225e0ce3db19826
log4j-jmx-gui-2.0-rc1-javadoc.jar,e29ac4a32bb0e4c6046aed49fbd1189edfc97d50
log4j-jmx-gui-2.0-rc1-sources.jar,8b001d13c4f4e3e2cf2ddfd5b170951d56eb74bd
log4j-slf4j-impl-2.0-rc1.jar,17372fa8a1579e73cb4e95c8ab7c46e09de04119
log4j-slf4j-impl-2.0-rc1-javadoc.jar,09dd98b99701de939b8d76f1b87d54e1866b24a9
log4j-slf4j-impl-2.0-rc1-sources.jar,d627c5843d5b8ef53e170ae01475c681cc6e07c4
log4j-taglib-2.0-rc1.jar,b99c6cccf19f1ffbd496f3d554851bf44abdc019
log4j-taglib-2.0-rc1-javadoc.jar,293178a882c0f5e958105ff1093859302510c779
log4j-taglib-2.0-rc1-sources.jar,e3f1ce6ed623557d1ff9661aceb2173cfa2d87eb
log4j-to-slf4j-2.0-rc1.jar,4851b9ccfbc50580e5e406a0f0c061cb8b3cac4c
log4j-to-slf4j-2.0-rc1-javadoc.jar,2bc85869385f9fb2a31fa1a0b1bd4b4efbda42ac
log4j-to-slf4j-2.0-rc1-sources.jar,2be02c155659a60773e21d8f9730ec8a04a9c27d
log4j-1.2-api-2.0-rc2.jar,ad5246f89399dba42953ef3cb973277b89799dcb
log4j-1.2-api-2.0-rc2-javadoc.jar,2c58fccaededa7a25d623a56ed287c418119faec
log4j-1.2-api-2.0-rc2-sources.jar,5c6478b9655a2f0571b226037094ea38f3a0d973
log4j-api-2.0-rc2.jar,fd39a1cc7e5dcd14cdd7ff2b8f26b654f91a0a19
log4j-api-2.0-rc2-javadoc.jar,c337178494b83f81b9c1794221606dc3f0245255
log4j-api-2.0-rc2-sources.jar,6bcee1b54213c5f4090cb769791475cd5a4e143e
log4j-core-2.0-rc2.jar,2e8d52acfc8c2bbbaa7baf9f3678826c354f5405
log4j-core-2.0-rc2-javadoc.jar,8802093a8d16046d35ac78dac724342b0d033cca
log4j-core-2.0-rc2-sources.jar,776526cd0fe6dbf9bd8ea009080a28658105c8b4
log4j-core-2.0-rc2-tests.jar,df0ccce22f75f1c1e8ff60947e95793790354ab4
log4j-flume-ng-2.0-rc2.jar,fee38cc91feb442369d11cad14e8ec1054f121cd
log4j-flume-ng-2.0-rc2-javadoc.jar,4093e0c2e1a0e9fa7156c3568c53c6f270e4e656
log4j-flume-ng-2.0-rc2-sources.jar,1cb7ca7d82514fe0316f9fa59ed3cd42e7f511ce
log4j-jcl-2.0-rc2.jar,8286a844b7de00f8bcc73f45ce6d2e410ebb3447
log4j-jcl-2.0-rc2-javadoc.jar,51463b53e57ea92ef97095c11816c2b600d88d57
log4j-jcl-2.0-rc2-sources.jar,4cb9421aa80db5efad8e9ad1c1f1d2824ad7b8c7
log4j-jmx-gui-2.0-rc2.jar,a88cd0d99b487d565e30e43dcbbfecbdac25576d
log4j-jmx-gui-2.0-rc2-javadoc.jar,a90e1c4a919127817870ae2f52b8a5eddc061a25
log4j-jmx-gui-2.0-rc2-sources.jar,93a000ba122aa7f365fd6ba261172a07a57119db
log4j-nosql-2.0-rc2.jar,24b78bd4cbb0be6e5bd7439895ea2d00ecfbfad5
log4j-nosql-2.0-rc2-javadoc.jar,9cd9457282c82ca857b078f116dd5411837563f9
log4j-nosql-2.0-rc2-sources.jar,217bfbcf09fcd71c6ef6dac92c21e0da85bb3d67
log4j-slf4j-impl-2.0-rc2.jar,d5675f56756ff926c0deeb52ae3f87d97b56393f
log4j-slf4j-impl-2.0-rc2-javadoc.jar,3adf6b805b070bfea83f85be074b0f29101836c4
log4j-slf4j-impl-2.0-rc2-sources.jar,d5c79fb21fdce750ad4985725b919ee2b54e89ce
log4j-taglib-2.0-rc2.jar,3879e04bc63b027f1bc67fe78dc5767d5e67b899
log4j-taglib-2.0-rc2-javadoc.jar,e1de2b3c26a2be7794e29b267491be399b2bfa4a
log4j-taglib-2.0-rc2-sources.jar,f6b611f74dde61bd241349f0b944bce64270385c
log4j-to-slf4j-2.0-rc2.jar,c58a1dfe3fbfef7c753623baee64a9e9f91e45d3
log4j-to-slf4j-2.0-rc2-javadoc.jar,5018bf8e3ae9d94eea85bc97027b2542a958d85c
log4j-to-slf4j-2.0-rc2-sources.jar,3a396a3af554c1aa8f39b1977b911df90952d20d
log4j-web-2.0-rc2.jar,e8e887a413a34acd1042e068019ff66fb8a4b8ec
log4j-web-2.0-rc2-javadoc.jar,13d9f4ef3c2711a8171c3bd0875073b38e2ffbcc
log4j-web-2.0-rc2-sources.jar,e4b125b53ada7628eeae57d7d06d0ce09a3b8a1f
log4j-1.2-api-2.10.0.jar,51a1908eefb2d168bb8e4d40b5b43603d6314084
log4j-1.2-api-2.10.0-javadoc.jar,791311b9d130494cd73f4935f46a26dd86ef9575
log4j-1.2-api-2.10.0-sources.jar,11050ab4f2740a8833d67bb42d27bef37f4c7143
log4j-api-2.10.0.jar,dc5986adca86238b13099cd0376327e476340c43
log4j-api-2.10.0-javadoc.jar,6dfbc5ca794b2faf9df6d8685f59eb7862ed044c
log4j-api-2.10.0-sources.jar,44ac9b6f87d079b61a1b3073a241d19abcfab852
log4j-appserver-2.10.0.jar,5a57caa3da5d1fb202222ce5fc15b5b1a49cf19f
log4j-appserver-2.10.0-javadoc.jar,c9df87c639432dfd60af48ebce2bd4bad790753a
log4j-appserver-2.10.0-sources.jar,85e087a1877161c357696d96c03b515ec9e1a09a
log4j-cassandra-2.10.0.jar,deada2c2cd921461004d4592dd76d816c8ac4cf0
log4j-cassandra-2.10.0-javadoc.jar,287aa275af5ffc9c43a6e40b34781bcebbbf4c66
log4j-cassandra-2.10.0-sources.jar,f2c06c39caa205d3a94be6c012e26a71968354e6
log4j-core-2.10.0.jar,989bbd2b84eba4b88a4b2a889393fac5b297e1df
log4j-core-2.10.0-javadoc.jar,c0c42c147695c2203acc9e0cc6668f1059cd7506
log4j-core-2.10.0-sources.jar,c352a59254a0935c829a2aaa531b9fc478e65b67
log4j-core-2.10.0-tests.jar,f36835e2634b68695a1fe87f36fc7817f4ff789f
log4j-couchdb-2.10.0.jar,bc2ab8368fbf0cfb382298052ba6dfa40772e9fe
log4j-couchdb-2.10.0-javadoc.jar,075dcf0df25223b8df732b2c78316c7e386cd748
log4j-couchdb-2.10.0-sources.jar,63a634b70fe72d986cc9c76962ae139414237920
log4j-flume-ng-2.10.0.jar,7f1bbe6b09793cea38508a69482d39f1fb17b7d4
log4j-flume-ng-2.10.0-javadoc.jar,43ce7b185257fab3536c5214d1a464bb7b4eaaa3
log4j-flume-ng-2.10.0-sources.jar,bba7f99c0cf627ebec84ee3544abf28f144c9882
log4j-iostreams-2.10.0.jar,7fa1339b507ee15616adb3a64b603357951da520
log4j-iostreams-2.10.0-javadoc.jar,7e8205754e8c8c6820681a710fedce3587b70dfd
log4j-iostreams-2.10.0-sources.jar,3520079599bd944398ac856a65155617f5f708ef
log4j-jcl-2.10.0.jar,bcb954ab000878501c3f55d25211f8a547d0e565
log4j-jcl-2.10.0-javadoc.jar,b7e42c321540831aaa1338eaa6d6e93c40d49522
log4j-jcl-2.10.0-sources.jar,eb25abe203986ed68f9bb8ee9b6a92d349ef2394
log4j-jmx-gui-2.10.0.jar,ff04e49a49a0c70294fb0b1dee4191bb758376e2
log4j-jmx-gui-2.10.0-javadoc.jar,635d5a46445a884916e1030108c1b4e222769173
log4j-jmx-gui-2.10.0-sources.jar,f44fe753bf0c32b6b58686caf7a53f87d604a6b3
log4j-jul-2.10.0.jar,7662acea5db218bec7cb8531fa482bb5df52a45d
log4j-jul-2.10.0-javadoc.jar,f01001d53ea7de33fc2e73877a18610d7348accd
log4j-jul-2.10.0-sources.jar,1cf82816a8b7b1b2cb3faab09f8d31ce0c180b9f
log4j-liquibase-2.10.0.jar,03b276c723889b5ab2ada772a7eae47b05e0d4b6
log4j-liquibase-2.10.0-javadoc.jar,01d468172381db31e19cbe2dadccfbe34fe65e80
log4j-liquibase-2.10.0-sources.jar,79c1192c15494b693eb5ad700d0c76c87c13dbe9
log4j-mongodb-2.10.0.jar,05bc7c35e662caf1512ea8661469c30aeb294488
log4j-mongodb-2.10.0-javadoc.jar,76827aab544c8c7adf58a40544834138489473e0
log4j-mongodb-2.10.0-sources.jar,5ebbd585a13fae6a9f41afdf89e77fba120c4112
log4j-slf4j-impl-2.10.0.jar,7f25b0bcde577af4d92bd4ec2d335a74ca2da240
log4j-slf4j-impl-2.10.0-javadoc.jar,5b294728b2fe6a61d535b12db5cf7e5c2dd739b6
log4j-slf4j-impl-2.10.0-sources.jar,b37e2526b16a9491d41cf0172a92b447f25a3ee6
log4j-taglib-2.10.0.jar,72b89effe998b4c06cb903139efaf7a43788902b
log4j-taglib-2.10.0-javadoc.jar,f7ae0f1609d17808071c33eb2f2f1a27951dd960
log4j-taglib-2.10.0-sources.jar,31d90b2848e7ac76f271b9bf6be48add1ae6e080
log4j-to-slf4j-2.10.0.jar,ff043a55888a04e3d88b0cbda6bd38fe7ccebfc9
log4j-to-slf4j-2.10.0-javadoc.jar,f30a42ac91f14127c2129973fb7893f06d47e7a5
log4j-to-slf4j-2.10.0-sources.jar,ae384d4caac424b8b45b91efe3e32a4902f4e888
log4j-web-2.10.0.jar,63f601c8dacd1f871b50a2bb4c5368af9201b6e6
log4j-web-2.10.0-javadoc.jar,b5ac847e512d61fcc6720d141f8e07ab516e7c7e
log4j-web-2.10.0-sources.jar,a7381c777f20aaf6a5b6c8357bb549c3d11f6460
log4j-1.2-api-2.11.0.jar,94d619e4e53f4067f099341a4f236c56a39d9dcc
log4j-1.2-api-2.11.0-javadoc.jar,063f5e809052b55209a0acddeec8850be4b83a7c
log4j-1.2-api-2.11.0-sources.jar,f047b114d8f4227840e8d7c9e6b5f7b970ae1d6c
log4j-api-2.11.0.jar,8eeca581643230fcf81c90b025b325b0457665a7
log4j-api-2.11.0-javadoc.jar,d408a49c298bc7140a637a98284b18f0a6549d35
log4j-api-2.11.0-sources.jar,0417e7590917b9bec657dbafd80925fd83b87269
log4j-appserver-2.11.0.jar,f008d59ec6e8529855d082d6abed6f9439ba50f4
log4j-appserver-2.11.0-javadoc.jar,352bfd388abc4f1fa4145b168c0c7c99eca14a79
log4j-appserver-2.11.0-sources.jar,70b63984c2269734dc8cdd557c76ff3fef2e7ed0
log4j-cassandra-2.11.0.jar,a1c5f4686885e0529d0876d38c15ae11f137df37
log4j-cassandra-2.11.0-javadoc.jar,d3b4d07cdb7c172a6fcc27ba0093d2abfe05709c
log4j-cassandra-2.11.0-sources.jar,c2f793fcfa470046513240b024815abe49be6667
log4j-core-2.11.0.jar,3b1c23b9117786e23cc3be6224b484d77c50c1f2
log4j-core-2.11.0-javadoc.jar,3ee9802cca75d94ee69e395c5047ad71095e5ef7
log4j-core-2.11.0-sources.jar,5dc1755a499997f083377a6c24829ba7febd1bf1
log4j-core-2.11.0-tests.jar,f88d071cfb17cb5e838f8edeb43ae175d61e2e50
log4j-couchdb-2.11.0.jar,99f1e3b584256da895f1251915efb1eb465fa524
log4j-couchdb-2.11.0-javadoc.jar,2553474463daef29f492114daa994b6be0942e7b
log4j-couchdb-2.11.0-sources.jar,d44a3894e986e7df7a053c92130164a0710bb26e
log4j-flume-ng-2.11.0.jar,b6fe678b1c14d52ae6599e674cd51c367b731b70
log4j-flume-ng-2.11.0-javadoc.jar,39a29de291a30f1b33562b40cea7b49b8bf69dc7
log4j-flume-ng-2.11.0-sources.jar,2ca5306ea3afdbc97b1a3f5fdc8125caaae0909f
log4j-iostreams-2.11.0.jar,a9a418bc0b6a7c5c6e8c1498edcb10c676c54ed2
log4j-iostreams-2.11.0-javadoc.jar,587f5be0508897ce54151758b87e217ad2d9828f
log4j-iostreams-2.11.0-sources.jar,ce7728d4a3d91a42a10c6e865fdf29fe2efc3be9
log4j-jcl-2.11.0.jar,fd448853e2a6f0d607b67c39dff78cfbcac7efa0
log4j-jcl-2.11.0-javadoc.jar,fb5060da318e8ae47bb5d285130c7a440c368c2c
log4j-jcl-2.11.0-sources.jar,50ba0448c513c709d7cbfb8e63e4915b133d99b9
log4j-jdbc-dbcp2-2.11.0.jar,6501cc2070461d532c5aa330e234f72cc59b9732
log4j-jdbc-dbcp2-2.11.0-javadoc.jar,d6098b44e8ef1af26b5d6253767e9982782a6830
log4j-jdbc-dbcp2-2.11.0-sources.jar,8d26b3b51608ce8ff7512f2b9a2d8e22a436325b
log4j-jmx-gui-2.11.0.jar,0d477fbb780cead8d72a23a22f649b03019a6e3d
log4j-jmx-gui-2.11.0-javadoc.jar,ff9be0aca3602adc02a5f689e0b12913a84001fa
log4j-jmx-gui-2.11.0-sources.jar,51fdd9fdd1fb880b1f19ac28179bbbcc08b6ae8d
log4j-jpa-2.11.0.jar,2a85e06fd7d8d92d8dc218424755dcef4708bb9a
log4j-jpa-2.11.0-javadoc.jar,6d080914974adc949df0270b12c3fccd12298d01
log4j-jpa-2.11.0-sources.jar,68966d9d6e9c1865524d6d2ddd5b6a189d414c3e
log4j-jul-2.11.0.jar,83e5c69c157bdff8abe44fe924499ebc770295af
log4j-jul-2.11.0-javadoc.jar,02fee86d4fb18f1ae875bdd9622104341d01c7be
log4j-jul-2.11.0-sources.jar,e7139c6c1450818098fed78a4ee2c516de8ba412
log4j-liquibase-2.11.0.jar,45bbba575f145b75870327503a5c35acb0c2c2c4
log4j-liquibase-2.11.0-javadoc.jar,25302886d3cbb733eeda1f618842cfb792eb74ce
log4j-liquibase-2.11.0-sources.jar,0740bf0d534e4e300d93bc2dc113f1e9d675f1cf
log4j-mongodb2-2.11.0.jar,8a123dbaca79203ad6efa0290f5ad68ccee54b09
log4j-mongodb2-2.11.0-javadoc.jar,3780a36bb25fa81ef23e4ef901a8ecde792def2e
log4j-mongodb2-2.11.0-sources.jar,894adfc6e8f3a26f4c9277460dbe9cebff982701
log4j-mongodb3-2.11.0.jar,79fea6885ec9d944b179a062baa22b30fb3d483e
log4j-mongodb3-2.11.0-javadoc.jar,0c3e1363b4f576026c70eb3dffd1018dc18a7500
log4j-mongodb3-2.11.0-sources.jar,7c8b4ee030c6438dbacb503d330af422fe8ccfd5
log4j-slf4j-impl-2.11.0.jar,b2a7056005087447f694027bc90d1c70951d5f21
log4j-slf4j-impl-2.11.0-javadoc.jar,f6432ba051e96896fb0e04df5ef60ade12bdbb96
log4j-slf4j-impl-2.11.0-sources.jar,4f38bb03288754d92bdcfe4944a05afee84de520
log4j-taglib-2.11.0.jar,9cdf65306006eb4cb4311a2c89345d453f716218
log4j-taglib-2.11.0-javadoc.jar,97d96cb955d681048cd12d24a18d7a5a098f9a06
log4j-taglib-2.11.0-sources.jar,5ba50237c219e8f12bdf0bbf9c7e2985d706b2f3
log4j-to-slf4j-2.11.0.jar,09ca0ca48ee282a960ae587751ae52eb1a292774
log4j-to-slf4j-2.11.0-javadoc.jar,d0b8396b3bd737d1af81a05bc773eda96c75846e
log4j-to-slf4j-2.11.0-sources.jar,7dbbe09741c3eb1d7b2d5ed2abeb69d26a6e1c26
log4j-web-2.11.0.jar,687d93411f2d4ca90dfa836d8e996383a75b632b
log4j-web-2.11.0-javadoc.jar,5a84a33291139e4d035ac18cd7195a638d765230
log4j-web-2.11.0-sources.jar,5ef621f7247d9f5686d281a1503281e98c42ecd7
log4j-1.2-api-2.11.1.jar,935f5cf181c1268a94f8cfa8bc1f5325c08176f8
log4j-1.2-api-2.11.1-javadoc.jar,8fcc06d6f4ffd02f2df6f60876e0aec9802f6c17
log4j-1.2-api-2.11.1-sources.jar,4f131abd805ae5ba89a6a4b8827eb3408133451e
log4j-api-2.11.1.jar,aac09b104cffe2a8c3639506a6156acff560405f
log4j-api-2.11.1-javadoc.jar,acf85dd0a7f3b943559f86e7bdd509219a08172f
log4j-api-2.11.1-sources.jar,32fa241cd982e5d9374fe262b9898f8590015f7b
log4j-appserver-2.11.1.jar,9eeb7bcc29aa6e49005d33367c88cb3ffd90387f
log4j-appserver-2.11.1-javadoc.jar,471e34c3e27fa848b338a0a271f9fbcf2d430356
log4j-appserver-2.11.1-sources.jar,d97c0f53b067f9cb6a6ddaa9d5e1ee4213e9219b
log4j-cassandra-2.11.1.jar,4cc84cb3c783b374c61c353ca983ec0f5bdd6f2e
log4j-cassandra-2.11.1-javadoc.jar,e0aa6e8adce5e7c9696740ce3b251d8f510e5079
log4j-cassandra-2.11.1-sources.jar,9112cdad16be914ba12ae49efe6cd4e5d21c88b2
log4j-core-2.11.1.jar,38b9c3790c99cef205a890db876c89fd9238706c
log4j-core-2.11.1-javadoc.jar,6adff4c57b24bbda06febcd2427f18361dc64fcb
log4j-core-2.11.1-sources.jar,3fee523669befbea6835c0aea2e3d61e3556847f
log4j-core-2.11.1-tests.jar,2f5f79c28c68f3773fb2ff785fbd7b4f10ded047
log4j-couchdb-2.11.1.jar,59914099ca2d542f51e6f10e2dd78a63caa23ef2
log4j-couchdb-2.11.1-javadoc.jar,ec0e63017015934b77a31d6c97ad1c528df95662
log4j-couchdb-2.11.1-sources.jar,3c5aede9d62f94f4e06c72677f692630bd3c9eb8
log4j-flume-ng-2.11.1.jar,1e3781acc6042a3750f02a3929da9871a1847838
log4j-flume-ng-2.11.1-javadoc.jar,590d56392415e968f35b8cbe09364b826880d4b7
log4j-flume-ng-2.11.1-sources.jar,21d98cd4bf7db3748eb08e05146d6cbdb936962e
log4j-iostreams-2.11.1.jar,18d4dcb76ab449a87988958f049e210a1a5ec3f6
log4j-iostreams-2.11.1-javadoc.jar,03f350c24ea8efb0dc2a8f7626ae4a82ba2bfa78
log4j-iostreams-2.11.1-sources.jar,34f28af8008e232b728811f0115c75ff4886a9bf
log4j-jcl-2.11.1.jar,879f830e8e6838b39b65f288c8b64934fb2f8b67
log4j-jcl-2.11.1-javadoc.jar,1ca6fac8d6c9c05cac73ad0b0d8bc07b2ab57ef5
log4j-jcl-2.11.1-sources.jar,92056f054528d3c07b45b3bdd5907f0ade22b0a9
log4j-jdbc-dbcp2-2.11.1.jar,0c04123e6b643f16fa76c653a33edd0fe4bd046e
log4j-jdbc-dbcp2-2.11.1-javadoc.jar,0e66895d5026a1ba2b602d57c6281bb23ad18762
log4j-jdbc-dbcp2-2.11.1-sources.jar,212a88d62122443b57e4f0f03240e262936239bd
log4j-jmx-gui-2.11.1.jar,509f0ab41d2db4d9daca10ad843c76a1d1f0b64e
log4j-jmx-gui-2.11.1-javadoc.jar,e6dff55d98e4f5488c830e6598db3d893d965ed0
log4j-jmx-gui-2.11.1-sources.jar,df448f4cec147de99d9a5cccfa208d0ce06bfe00
log4j-jpa-2.11.1.jar,9b7211d4d1f3b7f4a33ac3501d55c787418d7074
log4j-jpa-2.11.1-javadoc.jar,41ba416a9fd478011f2155fe36b56a830c99a465
log4j-jpa-2.11.1-sources.jar,e70599ba7f21c140e0a6242d1e77066ad56e394c
log4j-jul-2.11.1.jar,ac812e1706f0a22e45fdc2e0f2fb20a0a7726f6f
log4j-jul-2.11.1-javadoc.jar,3996c4db4bed11e2eabb1a1608a639c5cf365c22
log4j-jul-2.11.1-sources.jar,8a2ee4769d0f8a2306f044bab3769ae5b2dde1c8
log4j-liquibase-2.11.1.jar,35046d3937082066d4cbfda7c8c11bae009f687d
log4j-liquibase-2.11.1-javadoc.jar,354f6b5c892ab84185009147ca4518beeaba6b73
log4j-liquibase-2.11.1-sources.jar,2164a95d08e2ca2290c9ab4254af3e86797a48fa
log4j-mongodb2-2.11.1.jar,5829cf3ce8928b5cef9236eefbce0cf4adefc5f7
log4j-mongodb2-2.11.1-javadoc.jar,e4891934fb060400b746c1cac2dd0d2e3476374a
log4j-mongodb2-2.11.1-sources.jar,a75ee9de5c870216a8de8ffc18285c84ab5b3c2d
log4j-mongodb3-2.11.1.jar,35e27c1cb52c18390510d449d2dcf1326468d3fb
log4j-mongodb3-2.11.1-javadoc.jar,03adae18643db70a69fcb98ed8d0d244fc1b82a1
log4j-mongodb3-2.11.1-sources.jar,923b9b0ee0cd0a275467406c74d774a8074b0796
log4j-slf4j18-impl-2.11.1.jar,e62f3e570479856d2580593355959c6f6666332a
log4j-slf4j18-impl-2.11.1-javadoc.jar,365c93f09f52e3567fb35a66908e07942233dac0
log4j-slf4j18-impl-2.11.1-sources.jar,3c051387ce18b8278c280ef260776998b162bc79
log4j-slf4j-impl-2.11.1.jar,f91b1e216c1b42508316daf90256d2648866aedd
log4j-slf4j-impl-2.11.1-javadoc.jar,74cf6d07b8f2f6910ef82d0e6b35a30cf64aa7c4
log4j-slf4j-impl-2.11.1-sources.jar,bc534c218e1516591839f5a1cb816292d0fe833a
log4j-taglib-2.11.1.jar,bbfea8b696aed20083acc4c576171ab1e0fe23b7
log4j-taglib-2.11.1-javadoc.jar,71f66885fb55121490b96caac66e9b55bc29bed1
log4j-taglib-2.11.1-sources.jar,8b12ce2006ae37766ce201582ac9248a71ce1e5d
log4j-to-slf4j-2.11.1.jar,b523e93c9f09627c58befe02ce933293de74b797
log4j-to-slf4j-2.11.1-javadoc.jar,66c071415110ca4bd31a4a18ef9b6211ab0894ce
log4j-to-slf4j-2.11.1-sources.jar,f0a012c9e5024a10d10a9b01b511eeb0e35221a6
log4j-web-2.11.1.jar,fb3eb98ab4bfc173b32942e19a52665b49e345a8
log4j-web-2.11.1-javadoc.jar,9e02e27b1f812e6a08f8f3e9b0d999eea920c347
log4j-web-2.11.1-sources.jar,ff7353a53a3d056465a890a90796cdb86ee611fb
log4j-1.2-api-2.11.2.jar,3939d12ea7ff857db015efb7872d78301d3088cb
log4j-1.2-api-2.11.2-javadoc.jar,f81af36ee49f1140afa800fc0f227f6cc89e19f8
log4j-1.2-api-2.11.2-sources.jar,01f63a2b9decd05ee96a6cdcc519ecd73ef984ee
log4j-api-2.11.2.jar,c36f3385ea58f6186a012f11a1137d19ba967d72
log4j-api-2.11.2-javadoc.jar,d8a4845f91bda000b209cf9c569d611a798f53d3
log4j-api-2.11.2-sources.jar,92141eb6bae4667b59ae8fb750413a05cd3490ff
log4j-appserver-2.11.2.jar,ba4242aa6d26b5fa0026efc16b8655c45d5c5289
log4j-appserver-2.11.2-javadoc.jar,fc29400c2d0166b38324925ff3ecab07bad72313
log4j-appserver-2.11.2-sources.jar,89cb7f9bbf0509adeb5cdda7047453e5e3a39d89
log4j-cassandra-2.11.2.jar,6cedf0e3804978702b06f2a3f80a25c5c7df0804
log4j-cassandra-2.11.2-javadoc.jar,006f2a6a56b264a543f8855f0efad9285741aa83
log4j-cassandra-2.11.2-sources.jar,69bef6f8813a898e4d69f5ab13935b6330b141a4
log4j-core-2.11.2.jar,5bcfefcd7474c2f439576a1839ea0aeeec07f3b6
log4j-core-2.11.2-javadoc.jar,e6880366eb61d947b1622b269bbb8ef20382991d
log4j-core-2.11.2-sources.jar,c8c5bd4469087c36b411606643d861360d406d6e
log4j-core-2.11.2-tests.jar,f29d2fbd8dfa9795b2af0e8bbe73e218eb5f40f0
log4j-couchdb-2.11.2.jar,51d6fcba2352bf3d9f472325902678764018720e
log4j-couchdb-2.11.2-javadoc.jar,b30b2b476e5a1ac52439170578c599b91ff0b1d8
log4j-couchdb-2.11.2-sources.jar,e1eac181b1a5dddb2cb8d27b569a8ef158fd3006
log4j-flume-ng-2.11.2.jar,a9a7244d5be5bdb619eda3a5aa7f1e64833dee38
log4j-flume-ng-2.11.2-javadoc.jar,54154408859bb8767934cce5e0adffcd57467ef4
log4j-flume-ng-2.11.2-sources.jar,da4d9610dd51f5e1de753a759bab14187c5f3da4
log4j-iostreams-2.11.2.jar,f6ca9077e551205def0f473203dfe1c43a4431bb
log4j-iostreams-2.11.2-javadoc.jar,765da38bd85f85793482b6fd578b622688f4b547
log4j-iostreams-2.11.2-sources.jar,e02b6e8022d6312dcd9b1c96e0f5231355e818c5
log4j-jcl-2.11.2.jar,f571fc374f4993baa5dc032ad53f61e1afc151f2
log4j-jcl-2.11.2-javadoc.jar,c57d601509cf67f55ffa9c9a7cf1a313202c2dcd
log4j-jcl-2.11.2-sources.jar,12b637ac8fd472b586154ad30c1909faa713d628
log4j-jdbc-dbcp2-2.11.2.jar,6b56205e8b97db6732589beb251231535ff66a79
log4j-jdbc-dbcp2-2.11.2-javadoc.jar,dcbe0d6f0ceba72e1988df156e887b0c89a8e679
log4j-jdbc-dbcp2-2.11.2-sources.jar,bf93f5ea931f9c27557361e011b9141e0ba25369
log4j-jmx-gui-2.11.2.jar,660a85fdbf2f0507bbaeaf4299dc18da524440fe
log4j-jmx-gui-2.11.2-javadoc.jar,d7b50c49be40543c271ea1af22809d4fed2dd0d1
log4j-jmx-gui-2.11.2-sources.jar,096f9d6f8e34467348b27e03f275c94a25e99223
log4j-jpa-2.11.2.jar,925bc07f9292e66e8c92b7994e8deead05d10421
log4j-jpa-2.11.2-javadoc.jar,44e114aea72c9d16b1d1998eb276274dc6ff3296
log4j-jpa-2.11.2-sources.jar,93217f70f45ef86954665dfc782eccef9a0707b0
log4j-jul-2.11.2.jar,7404d51a0d21347d9579c09c6771878c2d46a8cb
log4j-jul-2.11.2-javadoc.jar,4e0df52d1c4d931447b00b11ef6ebfa94882d142
log4j-jul-2.11.2-sources.jar,bc5bfcc97fc04739c992af6c5b697451644db47b
log4j-liquibase-2.11.2.jar,8503d272aad6ce0a542ce6f9667fe4e93078bce3
log4j-liquibase-2.11.2-javadoc.jar,0fd0484531d0030a94d0f0ee18ea0f2116dc3022
log4j-liquibase-2.11.2-sources.jar,4b178f6803388c24c5c0c763445a383f58641382
log4j-mongodb2-2.11.2.jar,1ce44e50471eadca9de2b9045f613fe2ba0eab2b
log4j-mongodb2-2.11.2-javadoc.jar,250870f12982b332210d4ddbb495ee0bbf69a2fa
log4j-mongodb2-2.11.2-sources.jar,28ec41548a8ae360d3f5efccdd53bd0c99e1f3b4
log4j-mongodb3-2.11.2.jar,7ad878d3b2080a181cb109795aba2203d91c887b
log4j-mongodb3-2.11.2-javadoc.jar,c8cc244fdef43f1bd8693add9340ddcd801fdeb9
log4j-mongodb3-2.11.2-sources.jar,4879a0125aa93c22ebff406848330757785e0509
log4j-slf4j18-impl-2.11.2.jar,42823a2cb4fe4c81941955e2881c3700c12b5827
log4j-slf4j18-impl-2.11.2-javadoc.jar,01e02ff4d455bd09eb2cdffcec5f49664abf563a
log4j-slf4j18-impl-2.11.2-sources.jar,45f1e6bb79114343b7315f867626f7eb22e6312d
log4j-slf4j-impl-2.11.2.jar,dc9229ec21fd3caa9a4e4433702248961e666243
log4j-slf4j-impl-2.11.2-javadoc.jar,9c28101285478450732c6f5666a050e69224ad2a
log4j-slf4j-impl-2.11.2-sources.jar,4e55fd42bdd1f37317e04c6dca215ebb7577dfbd
log4j-taglib-2.11.2.jar,e866431c74fc8f6a4d847d1af91756d0e3c51452
log4j-taglib-2.11.2-javadoc.jar,c93b659f4c53a80415384ea975675ac4f5366f3d
log4j-taglib-2.11.2-sources.jar,d5f4462bce52d9408a7e63bb7e3973f43d4a2477
log4j-to-slf4j-2.11.2.jar,4f78a782d1c943c15bc1a32a0ff5a4dc8bcce297
log4j-to-slf4j-2.11.2-javadoc.jar,49f1704f6cf1319337b5bae7909ff9821aa036cc
log4j-to-slf4j-2.11.2-sources.jar,9b78878f6600967fc09fc27c8d3453fd8ce28688
log4j-web-2.11.2.jar,f8cac8372d66d245c4b22b061babb905acbacfbe
log4j-web-2.11.2-javadoc.jar,dbeede118bb545ded0f19365ee5ae371b2c1c3e7
log4j-web-2.11.2-sources.jar,c8a0c1668e81f19db547bc65cd33e24597fda619
log4j-1.2-api-2.12.0.jar,c4081851be13d90203251eb9f687333eccf7bd07
log4j-1.2-api-2.12.0-javadoc.jar,a0a82c0b403c795ea1a5a2dbbf4bfc60fb56777a
log4j-1.2-api-2.12.0-sources.jar,c04bdce25dc3fa6dd7a08f063b6fa8c74eba08c7
log4j-api-2.12.0.jar,244c40ab52e562d082e6281694b58aedb249b2d3
log4j-api-2.12.0-javadoc.jar,1b6bd07a72cc4f4db92109c0a7f188bd8093c9b5
log4j-api-2.12.0-sources.jar,7f84d9934d2e96014a82dc9353b3118ae191b1f1
log4j-appserver-2.12.0.jar,92c69de8624f19e51a319bf9acc8d5cd08218053
log4j-appserver-2.12.0-javadoc.jar,8f1cecd55fa52e2389f9b5e452cab33e1b5a3054
log4j-appserver-2.12.0-sources.jar,352fccf31c653ef88e07a74536348e6ad3a04cc5
log4j-cassandra-2.12.0.jar,0c99bcc76e6bc25d9453335eade81079626c7b9b
log4j-cassandra-2.12.0-javadoc.jar,ca6cfcf60a2ce121b5168befbb24952d255e6533
log4j-cassandra-2.12.0-sources.jar,7f253aade8219fa1a95becca42547ecd16f806de
log4j-core-2.12.0.jar,73fe23297ccf73bad25a04e089d9627f8bf3041f
log4j-core-2.12.0-javadoc.jar,9ce27970f97d45bce301280384d0a73d1706dfec
log4j-core-2.12.0-sources.jar,7c1c1a534ce3bd161089bcfbfc14961d69fffe69
log4j-core-2.12.0-tests.jar,595030e1fef129e6dce871b6273d87a5a323ab76
log4j-couchdb-2.12.0.jar,4fe109c0b773cb3d605719cf58a770191cda413d
log4j-couchdb-2.12.0-javadoc.jar,1d47c36323f270251ae15aaa390900c6f60f3661
log4j-couchdb-2.12.0-sources.jar,58929a34af9fa8d3a7c34d1ea4a4d82737623231
log4j-docker-2.12.0.jar,405c5f699e65b64d5904b6047b3aa8f990c13e97
log4j-docker-2.12.0-javadoc.jar,35795c15a02e3029e7d80580569b9ffef6e7481b
log4j-docker-2.12.0-sources.jar,044407609264b0e3d1f797ca4a7be522d5dc7bb6
log4j-flume-ng-2.12.0.jar,a4b78b7aa1489c4c6dc841a0feae31003c209a67
log4j-flume-ng-2.12.0-javadoc.jar,fb4ab38b9e742ba0fab526e6e6156ea0f1d61991
log4j-flume-ng-2.12.0-sources.jar,ec66dc037169519e8a06b94bf40aaea14aba4721
log4j-iostreams-2.12.0.jar,f3034eb14c3084df24a8a6b4688214b58d781079
log4j-iostreams-2.12.0-javadoc.jar,350d0d957d447c0620209c400e46dd1130bc5419
log4j-iostreams-2.12.0-sources.jar,2263dfad581e4eb9dd862316795681126299d85e
log4j-jcl-2.12.0.jar,dca1fc5c19a49fde63ce4a794ec431ed51980368
log4j-jcl-2.12.0-javadoc.jar,b07ffffd81498a7f76b25b94ad41f9a2f403ac7c
log4j-jcl-2.12.0-sources.jar,8562ae23ed8a8816e27dc27563f35846bfc54fbd
log4j-jdbc-dbcp2-2.12.0.jar,0169fa4421c02419fdc610f976e3686d70306a00
log4j-jdbc-dbcp2-2.12.0-javadoc.jar,236bcdfaa28b63822ba19ffed7d695db39e7319e
log4j-jdbc-dbcp2-2.12.0-sources.jar,d7655a1e8ff3a57b501b6bd0136a641affb52485
log4j-jmx-gui-2.12.0.jar,1c2512307195c06e9b2b8cd766cc7fe3bd1934cc
log4j-jmx-gui-2.12.0-javadoc.jar,61a6cfae76e89dbb1ac747d8a68662efc701acf2
log4j-jmx-gui-2.12.0-sources.jar,51f65614530a2fd4b68232d628189bcfdd2888ff
log4j-jpa-2.12.0.jar,791d7b0398dfefadb624a9a317abb97601bd1dbb
log4j-jpa-2.12.0-javadoc.jar,8913d0b61fbd69b925108c4fd97067383faceb33
log4j-jpa-2.12.0-sources.jar,8ad4ea8745ca6db2401af931f86f013511982e48
log4j-jul-2.12.0.jar,03b039adae9088629e75b772fbe4722cb935e247
log4j-jul-2.12.0-javadoc.jar,12ad077ba8fa6efe600277e940a135b8721b3541
log4j-jul-2.12.0-sources.jar,942624e9c34ce7d4c45ae6d22305ac4830e50420
log4j-liquibase-2.12.0.jar,5129f8a80d4c38a2b9b0c8f9ee321d327d3ff40a
log4j-liquibase-2.12.0-javadoc.jar,875e38bf7d65ea738ce55d2bc1c977548e014cc5
log4j-liquibase-2.12.0-sources.jar,93cf7aeaca4308502d32c29d7f9923feeeafd755
log4j-mongodb2-2.12.0.jar,dd80cf086ab49b331f564bffa8ea553827f1db78
log4j-mongodb2-2.12.0-javadoc.jar,ad74298b180c5885321658bbf3df4669aa23adc4
log4j-mongodb2-2.12.0-sources.jar,e392927ed2ffe292c406e49a3f1534768e1377ac
log4j-mongodb3-2.12.0.jar,67ca8cfc0ba974097667044849f4db1767f865d0
log4j-mongodb3-2.12.0-javadoc.jar,efbe440e5d0047fb633c64d1a790b727e257aff7
log4j-mongodb3-2.12.0-sources.jar,43c9ef369df8cbc8102c3963559d9578aa93665e
log4j-slf4j18-impl-2.12.0.jar,6a82f1aab7d2299d9a99614fd56ade572e062f07
log4j-slf4j18-impl-2.12.0-javadoc.jar,5beacb6ebad48c6498b920527a69c336de25491b
log4j-slf4j18-impl-2.12.0-sources.jar,3491cd25e28a6ddffee85807cb2d572a5ea2c5a6
log4j-slf4j-impl-2.12.0.jar,22a24cb0fa67095a45de11a6b6fb20e99c36ff8a
log4j-slf4j-impl-2.12.0-javadoc.jar,9542b773fd77676c43f000f923e200ac419741e3
log4j-slf4j-impl-2.12.0-sources.jar,fadffee4ac37e8a44021c138d04c7b5177094f49
log4j-spring-cloud-config-client-2.12.0.jar,a109b6d031ba5b57a0c03eedb1e0d74956d09b6d
log4j-spring-cloud-config-client-2.12.0-javadoc.jar,75131e973b6d89beb41384a8fa77cf3ee7b03252
log4j-spring-cloud-config-client-2.12.0-sources.jar,8e813fb0930418e800847ca079c035946033be85
log4j-taglib-2.12.0.jar,81c4fdd995baa3d05d862e8618a409063a57d67c
log4j-taglib-2.12.0-javadoc.jar,6d86b21de0ea8fb4a2f2d23aa0a7f63134e5c0d2
log4j-taglib-2.12.0-sources.jar,54b9ffacb8be7c20f4eee9e7a05699845031fc6f
log4j-to-slf4j-2.12.0.jar,681cbdc799fd42869ca255426cc7f6274fcab788
log4j-to-slf4j-2.12.0-javadoc.jar,84226e3faae3d6c2762b6f17d78d633b4d536e53
log4j-to-slf4j-2.12.0-sources.jar,cf5f6c237c9cd1ecd307ecea729e5577de4681b7
log4j-web-2.12.0.jar,c6a97c5c911936afbdff102ddfe906b0cd449ad8
log4j-web-2.12.0-javadoc.jar,3c0b59d9d65cd2dca50950061a52324f7e5f02ae
log4j-web-2.12.0-sources.jar,dadc760b937c1df2c99148f65318f1e614c3bfdf
log4j-1.2-api-2.12.1.jar,82327b62930b69e97aa78ce17467f472f5c76e10
log4j-1.2-api-2.12.1-javadoc.jar,a0c214c9e9d2b006e698093741b6282f21a2e254
log4j-1.2-api-2.12.1-sources.jar,e253eaf44a6dbfd8d6fc5fddd8fd943731d1d0af
log4j-api-2.12.1.jar,4f952311a8cab7f8ffda787c1b5216fee9317d2f
log4j-api-2.12.1-javadoc.jar,6c5434d3465e555848468ea3e91f5f32e7c8475b
log4j-api-2.12.1-sources.jar,fc18a1e0c1bc355255e1570293fdeadc13e5bc54
log4j-appserver-2.12.1.jar,cc5f423680f10c5223030ad645116f2d9343404a
log4j-appserver-2.12.1-javadoc.jar,cda869d58c15938215b0303e1d11181cc8e2153b
log4j-appserver-2.12.1-sources.jar,f5758b2baee273ee1b011c355de74c7cc09e64cd
log4j-cassandra-2.12.1.jar,c01b667f9983867e1368cede317b570963e26af1
log4j-cassandra-2.12.1-javadoc.jar,4589d8a1867e89d9c61f11905f5ab8b8dc616024
log4j-cassandra-2.12.1-sources.jar,10b8e5d08ef0a86d07154e040d4d85313c5b3297
log4j-core-2.12.1.jar,c28f281548582ec68376e66dbde48be24fcdb457
log4j-core-2.12.1-javadoc.jar,f0298b67b701d535f5068929fd3e53cd0bc72ca8
log4j-core-2.12.1-sources.jar,1c902bbd0158eb47b6313e74ea7e1c7669b0adb0
log4j-core-2.12.1-tests.jar,147f6a9432b6900d2d74a854f914204c28f92b36
log4j-couchdb-2.12.1.jar,0f7710e4096c543ea41e34077ea454a6e86c6aa2
log4j-couchdb-2.12.1-javadoc.jar,6882f4df04787a8f07ac823155c928fe6aaa5310
log4j-couchdb-2.12.1-sources.jar,e423ab37f7123166efbb889001788eb8992738e2
log4j-docker-2.12.1.jar,fc9726f0a60f631095a42f7aece4ecd66731e5d9
log4j-docker-2.12.1-javadoc.jar,acbab53a715ea70b1d8a5ffbc011112d484d721e
log4j-docker-2.12.1-sources.jar,97f4e6a8a7756db7c799ba522da73eb555dd06eb
log4j-flume-ng-2.12.1.jar,e41193bc02316b9745b5e2ac18d99b8ce611d4d5
log4j-flume-ng-2.12.1-javadoc.jar,da353c4f7179b469fac109849e6a6fc511572844
log4j-flume-ng-2.12.1-sources.jar,518afc6c1c8408229e97afc4712e8381e7352a5d
log4j-iostreams-2.12.1.jar,61d3b101dd1cc22f3b0503ace4b21dde5975b771
log4j-iostreams-2.12.1-javadoc.jar,8487d1815f6aac0b33164da21c50f894a8f819bd
log4j-iostreams-2.12.1-sources.jar,2e07e49eb67524a5f142746b7cc281d8b3a8ca21
log4j-jcl-2.12.1.jar,d88f017f3f33502f44626aab3f131548e2a7fb7d
log4j-jcl-2.12.1-javadoc.jar,1d697c5e8c6d150282f8850b9a1f58ee4b5e4ad5
log4j-jcl-2.12.1-sources.jar,2c56b6d6b6cde01dc0acbe1ff8c1743327db4061
log4j-jdbc-dbcp2-2.12.1.jar,1b2b55243723f4d7941ae163e03fdf15a8506505
log4j-jdbc-dbcp2-2.12.1-javadoc.jar,a74afbfdfe77a24efa00dd0185aece6c08445610
log4j-jdbc-dbcp2-2.12.1-sources.jar,78b629024cd76b171c8aa3f17ac31e7abe795b03
log4j-jmx-gui-2.12.1.jar,000b2a2eef05c345ce37eef4a44e7f69905feb53
log4j-jmx-gui-2.12.1-javadoc.jar,366e116fee43df11a11aba5e694bad444e13de43
log4j-jmx-gui-2.12.1-sources.jar,4dcb877c590f3a05d73ccae4f44b712cdfc5d1b1
log4j-jpa-2.12.1.jar,a1ceab50f9b0da66623c7ea83d8b5406be4a201a
log4j-jpa-2.12.1-javadoc.jar,01db25e6adb0bff8ea119d6741974fddfa7ff52e
log4j-jpa-2.12.1-sources.jar,4b6dfccc79261195441ea5950f78ee3c4ce27fe3
log4j-jul-2.12.1.jar,460c0829f7a9b8969e93c8ce091bca451e9a621f
log4j-jul-2.12.1-javadoc.jar,0f3c87c91e0cd49be008f4f8eb5af5cb7926b92a
log4j-jul-2.12.1-sources.jar,1f365095dce49ea5c94d9d10bdcbc353c9701b95
log4j-liquibase-2.12.1.jar,322b2251bbc360bd0da47617f054b684c1666c8b
log4j-liquibase-2.12.1-javadoc.jar,957460f97e03708e1f09f37f8ead19acb0052548
log4j-liquibase-2.12.1-sources.jar,07b8979f0eb54d632ebf46c2e712614a7c12296a
log4j-mongodb2-2.12.1.jar,f371efb3191c25e5277ac4eb3dad1d2d8d96a424
log4j-mongodb2-2.12.1-javadoc.jar,5eed4d4fbf70fce3492d6faed262752161220d45
log4j-mongodb2-2.12.1-sources.jar,e5d04160ef9287d6c0e80309d0b2432a105fd23e
log4j-mongodb3-2.12.1.jar,d0d22e85550e5e2e8ab1307173e8ef0ace4b44cc
log4j-mongodb3-2.12.1-javadoc.jar,c9f7afb433d7bbd04c32753158bde3eef70590ba
log4j-mongodb3-2.12.1-sources.jar,b50a367f19010244992b65d9bf35ad4b419a64a7
log4j-slf4j18-impl-2.12.1.jar,4a915cb55b699e44cdcf813e342a59a4239ac5b4
log4j-slf4j18-impl-2.12.1-javadoc.jar,2faec4d06fb2697dc327503f21d35132462bbb0b
log4j-slf4j18-impl-2.12.1-sources.jar,c743cf148240fcfd75775fbdc6a8ce28a3d79e8e
log4j-slf4j-impl-2.12.1.jar,1533882340abd8325a4c99c24fcde9312fb9b7ae
log4j-slf4j-impl-2.12.1-javadoc.jar,80dd629344d949529e54cc835b29c5cb7f51ab9a
log4j-slf4j-impl-2.12.1-sources.jar,5e4e1c7c83825444a8a394dbfb73fa0ebf78d391
log4j-spring-cloud-config-client-2.12.1.jar,1369a91d088550929f1280ce123ef84f15343081
log4j-spring-cloud-config-client-2.12.1-javadoc.jar,82c3621bb4e29dcd59c859e90ecc912f5bba7082
log4j-spring-cloud-config-client-2.12.1-sources.jar,3280f76e780ce5efc9455ae6fbcce8b29f8a6054
log4j-taglib-2.12.1.jar,7f8325e8e468017e22bcdde1b35fa689e874a146
log4j-taglib-2.12.1-javadoc.jar,26b32c967649cba512213065e4f0ee7c0c1b9e04
log4j-taglib-2.12.1-sources.jar,b58e21319e8c627afa6414f5c393fd71e9fba9c3
log4j-to-slf4j-2.12.1.jar,ebf869dce9ba8ddf7a780c31975a990e67d9f071
log4j-to-slf4j-2.12.1-javadoc.jar,1a4734ec5d2584f403e2d8f1e2838e114cbf22d0
log4j-to-slf4j-2.12.1-sources.jar,0fadda85034ab088f4ca8f942c92bcc8df7bb9f2
log4j-web-2.12.1.jar,d48857fdf3dd1c919650b79c2f6fbe0760db1bed
log4j-web-2.12.1-javadoc.jar,00e79a461aba1585fe665c3c51579cbde351b451
log4j-web-2.12.1-sources.jar,14641f0da56dc06051dc2994c270694d76f242c6
log4j-1.2-api-2.12.2.jar,84b65b57a87eb17be3643fc7baf221ea98ee3e56
log4j-1.2-api-2.12.2-javadoc.jar,7909cbb8a660f403829505be88bdb88287077829
log4j-1.2-api-2.12.2-sources.jar,5a4bbce531885e70a6ba36892467541cffc83ba8
log4j-api-2.12.2.jar,ce1823cf58fd51907b9de89deddb94e543761a3f
log4j-api-2.12.2-javadoc.jar,efab3a5953e03e810b54f97179a46d24437234df
log4j-api-2.12.2-sources.jar,a8996fd234245df43ced8d9ba24472b7e285d981
log4j-appserver-2.12.2.jar,511a5949d36b3cbbe9bcc9eb31bfc91cb730d3e0
log4j-appserver-2.12.2-javadoc.jar,e7db60589037e4dd21fe4f57b613d7e76eeb408a
log4j-appserver-2.12.2-sources.jar,603deab28f6b0607df6a1529317a59cfcf64cf8c
log4j-cassandra-2.12.2.jar,0469782a77addc32dcd55560831fb884f97d0a17
log4j-cassandra-2.12.2-javadoc.jar,50b341505a555241ffd61d3c83ddd22958fd124e
log4j-cassandra-2.12.2-sources.jar,28fd7f29c6930f22ae70bb543778c7bcfdb8638e
log4j-core-2.12.2.jar,89dbadf768390bae08694d183c6fac7745a3714b
log4j-core-2.12.2-javadoc.jar,1606129f0911803ce7e872b46e213080dbb1d19f
log4j-core-2.12.2-sources.jar,49a67d80e867ef655fad37146adf7901a4f27e7f
log4j-core-2.12.2-tests.jar,3f395024fbc332738cbf40b468111bc786abf587
log4j-couchdb-2.12.2.jar,c43cd1a7583fbe1b31896d7dc7dbead66cc4f641
log4j-couchdb-2.12.2-javadoc.jar,1950c3f5532b9af89ebeb327d8e9ee3948934d14
log4j-couchdb-2.12.2-sources.jar,16da47ebf1ce581c49e7a438a7c77a9c8b093b54
log4j-docker-2.12.2.jar,5f843926b9c52bf900a93c70879e9f9c0b33ae49
log4j-docker-2.12.2-javadoc.jar,ac964b8130413f1be2a6dfbed50ce36ab59bac20
log4j-docker-2.12.2-sources.jar,91321e3d80691036ad13e49213f886e6e6ac8b91
log4j-flume-ng-2.12.2.jar,a4d60a2672f71596e5993a46d9aee8252b44723d
log4j-flume-ng-2.12.2-javadoc.jar,d21edcb264f0aeb22ecdd46f40f88b3b9a48ff65
log4j-flume-ng-2.12.2-sources.jar,8dcb725e849c0ba579d4ebb12c03752208160b50
log4j-iostreams-2.12.2.jar,eb764630a738e3e8b87e1f169c6d29aa2e8e7d5b
log4j-iostreams-2.12.2-javadoc.jar,16de03f331173a38ad61b979054a617fbc52ddbb
log4j-iostreams-2.12.2-sources.jar,08bc4bd973e9b8f9957bc08d47467ba7e0b47676
log4j-jcl-2.12.2.jar,244f67280eecaf5d617d4eb72c51c1356bf1fb93
log4j-jcl-2.12.2-javadoc.jar,f2a7297ace9b6701d547e6a125ff13c24e80cada
log4j-jcl-2.12.2-sources.jar,eb040fa434aeaeb54cf08f6f0daf392386aefdd0
log4j-jdbc-dbcp2-2.12.2.jar,2072c2f3a40da1957695e48904bb695fdffb56ef
log4j-jdbc-dbcp2-2.12.2-javadoc.jar,927192ce885852d5e7647e3d9f63ebb661901715
log4j-jdbc-dbcp2-2.12.2-sources.jar,1eab558918496d98a3199750cdd184723d967861
log4j-jmx-gui-2.12.2.jar,7cc6484f7cdeacdadc07691dbd8741fab882833a
log4j-jmx-gui-2.12.2-javadoc.jar,ec2386cab3d01c4e78460d1b09d0b3b091e9793c
log4j-jmx-gui-2.12.2-sources.jar,8a9bb87f8d1d2f74bb61db56c717a9b6fc0c80d9
log4j-jpa-2.12.2.jar,5a07fe49e904506ea8474e8b613cdbe8ceac5ce0
log4j-jpa-2.12.2-javadoc.jar,22c450c6a537cef49f658958cf138e2d107557f2
log4j-jpa-2.12.2-sources.jar,9402ce5e304a773bd712c14b4f45d83190910cfb
log4j-jul-2.12.2.jar,99ed41c8a0c3df5ad53d999cee48f795e5d7e814
log4j-jul-2.12.2-javadoc.jar,9ce5de91ffb636240abdac79db932de7bb40bf7a
log4j-jul-2.12.2-sources.jar,a4282333755481ae0d2852e61dbe5b2977fd3603
log4j-liquibase-2.12.2.jar,d9a1e3aaae48e7acbedb72d000ff608938658605
log4j-liquibase-2.12.2-javadoc.jar,0a92771c29e14e1db9ff520e90f3b4cb22eed9fa
log4j-liquibase-2.12.2-sources.jar,0cb591ebbd9e0ddd03628c4786955ca86747de3a
log4j-mongodb2-2.12.2.jar,29e1e2d30308c2352696931307f5d5c1ec170e45
log4j-mongodb2-2.12.2-javadoc.jar,775a2421fac900b032276cd18e74cdad3d685e88
log4j-mongodb2-2.12.2-sources.jar,ac69fc9908975cfab12205a45b8efcf08c5a998d
log4j-mongodb3-2.12.2.jar,66562e34f1fd331314faacbc4b9fd137a87c8c41
log4j-mongodb3-2.12.2-javadoc.jar,c00a2ffb285c5482f3f7039d9a8c924ce953fc32
log4j-mongodb3-2.12.2-sources.jar,96cbf526d4e8240bc4c2cfad7f51e9eb7a1041fb
log4j-slf4j18-impl-2.12.2.jar,6d15a26bb255471f231fa446f0768218be19c38f
log4j-slf4j18-impl-2.12.2-javadoc.jar,581187ab474e91d86e568233d2d28725f69b9350
log4j-slf4j18-impl-2.12.2-sources.jar,05f4e2df748242b7e8abe247b75a5b1cb1447078
log4j-slf4j-impl-2.12.2.jar,a78982e3d1e869d29efd03ec862b33a1741bf0a0
log4j-slf4j-impl-2.12.2-javadoc.jar,f50dbb26cd9d7dbb0c9f51adbe9c8f165ae3ea13
log4j-slf4j-impl-2.12.2-sources.jar,3b741f6d26d8201fc6f6ff5fa70eb3b9438b0dc8
log4j-spring-cloud-config-client-2.12.2.jar,ba7318fe991fc84423856e6d09c7aa0903c3b72e
log4j-spring-cloud-config-client-2.12.2-javadoc.jar,476cfdcd8726637668ef930aeccc3963316d23dc
log4j-spring-cloud-config-client-2.12.2-sources.jar,692112c6506534a4f849e446b262f123b5bed372
log4j-taglib-2.12.2.jar,f47d5a9387e7534954036cf19d560ba40e3a84f9
log4j-taglib-2.12.2-javadoc.jar,af620c5186a743e8e8e48ef37cb5cb41482fe6f4
log4j-taglib-2.12.2-sources.jar,b4ab1b61731730a25dae838ba93c7e1edbb3fedc
log4j-to-slf4j-2.12.2.jar,c78cd973eb12befff382626bf97b839b57995af1
log4j-to-slf4j-2.12.2-javadoc.jar,7d923af0a0c96df52fbcb3294ddbce33c5a5b994
log4j-to-slf4j-2.12.2-sources.jar,d087522163e0da4e0873104ca412bc1c1adf95d2
log4j-web-2.12.2.jar,47f3dc90dfc28f516f1efdaff12a078962ad1fbc
log4j-web-2.12.2-javadoc.jar,f823a9335450b3e8b0455c049a94433e872c17ec
log4j-web-2.12.2-sources.jar,279f9b8bceef31a3142ff44d895d4422f3392642
log4j-1.2-api-2.13.0.jar,d85db5c7a944f2728a75abe80f51d264acf3abb0
log4j-1.2-api-2.13.0-javadoc.jar,c95b4b29538d4fa834ead95f41f894c59a74c77d
log4j-1.2-api-2.13.0-sources.jar,1da07919e36860e4c7b092e23480f798b0d51e5a
log4j-api-2.13.0.jar,3adb51029b5e80cf58b245950e4bd17f52eeb51b
log4j-api-2.13.0-javadoc.jar,7c858b13003b543f981450f84b60508ccc2cd98d
log4j-api-2.13.0-sources.jar,537a7995fbf31d925e2ad41b711ba8780d99df33
log4j-appserver-2.13.0.jar,219e5a01819c54bc2fd2a1a0ac1f93895cb49a3b
log4j-appserver-2.13.0-javadoc.jar,cdd75f65e1e06c9481c2b6ec36580a2fbf602e63
log4j-appserver-2.13.0-sources.jar,b03f54073a175955cfb1b31329a9da4f5e5e82b0
log4j-cassandra-2.13.0.jar,ace30010081388b9a9a2535b92caf1655f157139
log4j-cassandra-2.13.0-javadoc.jar,e5175b073653c1a0208b6bc9adb8c3c3779fe382
log4j-cassandra-2.13.0-sources.jar,923ec70154214aee8f7b996174c4830ecac7b26e
log4j-core-2.13.0.jar,ef568faca168deee9adbe6f42ca8f4de6ca4557b
log4j-core-2.13.0-javadoc.jar,cb463bcce77ba06fab5ee7d970700142fd23e499
log4j-core-2.13.0-sources.jar,d46b75e804d717b721e1437d48bc2885f35fa33e
log4j-core-2.13.0-tests.jar,4e346f6f42e090db7ca940be422a075d7be84a27
log4j-couchdb-2.13.0.jar,bfef2afd0f09b7ccc55df86289d65135179238c0
log4j-couchdb-2.13.0-javadoc.jar,307c45bbabd59b2c260003768f8c15293416d8d5
log4j-couchdb-2.13.0-sources.jar,a0f4733b59d7c9cca8d08acfc4fbc0bfa1f9cdb9
log4j-docker-2.13.0.jar,b005c6562e0df5d1b941a2ed2ab7680b05f669e9
log4j-docker-2.13.0-javadoc.jar,93deb873dbe5d4c6f939d3217f9d1ff1506e46c7
log4j-docker-2.13.0-sources.jar,9222e652804a881da710ad6ba5f36c05a34779f5
log4j-flume-ng-2.13.0.jar,ae4c92238beaca30405c34576e7072ff2120651e
log4j-flume-ng-2.13.0-javadoc.jar,438cb5f764c057c0b16a004454b7e19c91fb08b9
log4j-flume-ng-2.13.0-sources.jar,653f814f62701e5ed8cc0dd726397af308e1d8d9
log4j-iostreams-2.13.0.jar,655ecc8205cfc3ea5aab8689ad5748786239d884
log4j-iostreams-2.13.0-javadoc.jar,3f49406999234c08eeb51353d42a05261caa0d27
log4j-iostreams-2.13.0-sources.jar,83d524b2f39a308658bd84a13815e52c62ddb29b
log4j-jcl-2.13.0.jar,dc8a5068f5f5a069c49f3d9f3b87b54423bb67ed
log4j-jcl-2.13.0-javadoc.jar,43a7c7ff820835bc9b5c0536c21ee458214c89a4
log4j-jcl-2.13.0-sources.jar,bf6fb76b25fbf70877feba4020b6c664e3167596
log4j-jdbc-dbcp2-2.13.0.jar,cfc5ae4d1031bf807e9de300803eecc43b0ea033
log4j-jdbc-dbcp2-2.13.0-javadoc.jar,ef17709df0837730f2380502d704c7e906c14903
log4j-jdbc-dbcp2-2.13.0-sources.jar,90b968239f1ea49542202e0be784eec47d4bfa12
log4j-jmx-gui-2.13.0.jar,af0f0419edaf5a4532e80cafdc737c98671b203d
log4j-jmx-gui-2.13.0-javadoc.jar,5ca1ba9846832fe061bbee45477da6bb6ad1a6a8
log4j-jmx-gui-2.13.0-sources.jar,7230398cba5112b51f02abb1f6e4842355467827
log4j-jpa-2.13.0.jar,cd692ac8b31effac5b53a82ced9188cfd1919e08
log4j-jpa-2.13.0-javadoc.jar,793e2c5d3d3ac9fbe49d58195777db6ba84c1893
log4j-jpa-2.13.0-sources.jar,b103ed4fceaba9b26e20e3294c09cb069743f08e
log4j-jul-2.13.0.jar,6bcfeeca8b0a2aac24ee36ef765bab9b8e50cd9a
log4j-jul-2.13.0-javadoc.jar,2e84fd0f36d195d89e3403e1b48300985323e61d
log4j-jul-2.13.0-sources.jar,1fc82f81d329e7e6abd0904540e36fd220f1101b
log4j-liquibase-2.13.0.jar,a9401aae93fc6510cbd979deb27cfab61a72f426
log4j-liquibase-2.13.0-javadoc.jar,8a49698813edddbaea6f1850077da94c5ccbed79
log4j-liquibase-2.13.0-sources.jar,3643b29cc8d685e6fdc8ee238ce9991e7e0388fc
log4j-mongodb2-2.13.0.jar,97262b3e39c14d613b9dc356ae43cfc418aa4d9a
log4j-mongodb2-2.13.0-javadoc.jar,f86fb42e29a5a37f07735a802ce546c92893e525
log4j-mongodb2-2.13.0-sources.jar,01c9fe2de63239913fa925016b1058d1d0e437a6
log4j-mongodb3-2.13.0.jar,80eb2cd088d9be3c32e79c85e754cd25d02378f1
log4j-mongodb3-2.13.0-javadoc.jar,f5b678b1d232ff537f64be25bf91f226aeff455f
log4j-mongodb3-2.13.0-sources.jar,db3ad368a1a38f2ec0a5c1185aa1dc7580c0c72d
log4j-slf4j18-impl-2.13.0.jar,a353118c6de1aa26a69e463f5194d355a3ec5978
log4j-slf4j18-impl-2.13.0-javadoc.jar,4d4104400dc7090742dd6eb5b520113bb6d5281b
log4j-slf4j18-impl-2.13.0-sources.jar,9c54e04ce63b72d14a67e6be1883df5ac5240dd8
log4j-slf4j-impl-2.13.0.jar,95ee1ad70f970a5954268c2c5d391efde47892b7
log4j-slf4j-impl-2.13.0-javadoc.jar,4b335fb97379116168f766fbb942303de1de6790
log4j-slf4j-impl-2.13.0-sources.jar,98cd9dc4686aed1a568425835c645033c7299357
log4j-spring-cloud-config-client-2.13.0.jar,c476a69acd7f17b29ceb1e566bd2bc863924e36b
log4j-spring-cloud-config-client-2.13.0-javadoc.jar,bec43f5fd070ce68e3ce9de117e87d2d9b20b7cf
log4j-spring-cloud-config-client-2.13.0-sources.jar,55951549643bc9817f39861498d306304e59f1cd
log4j-taglib-2.13.0.jar,71a6bdba1dbfb43084e12a74f2169491cd7c3386
log4j-taglib-2.13.0-javadoc.jar,d7e570ea7c71d3a8a175f15cc52d655f13351739
log4j-taglib-2.13.0-sources.jar,3dee4eca190c45397e563847c5216d3720e65b0d
log4j-to-slf4j-2.13.0.jar,933923d4a11df57f7c57fef336764c153557ccc6
log4j-to-slf4j-2.13.0-javadoc.jar,a59136f6263337d4a396b58c51e2481c4f204dd7
log4j-to-slf4j-2.13.0-sources.jar,fc5773704ae9b90ac474eb2b1899d2b88aaaea89
log4j-web-2.13.0.jar,04c057b8e22d48369bd44a1fac990ed0b9576ded
log4j-web-2.13.0-javadoc.jar,e70eefd3237a0533c68499d5ad821ea0c872eb18
log4j-web-2.13.0-sources.jar,7cf98b7df0902e2b976868c8d8b5da7d7ff56e11
log4j-1.2-api-2.13.1.jar,d50a9be001f7ef451f65dc5e8e0c156df0808eac
log4j-1.2-api-2.13.1-javadoc.jar,457cc4e6ed816f5e00f8f92634ecd08be44c93ae
log4j-1.2-api-2.13.1-sources.jar,341e59dc9b1d3f23be28f8153895ff906e27598c
log4j-api-2.13.1.jar,4c2477bc268f131475f15bcbc28f452a95964703
log4j-api-2.13.1-javadoc.jar,c77be933596302059691366bd3b879f52e5f50eb
log4j-api-2.13.1-sources.jar,f044eb0898112cfcc6972d9beadbae7fb1b482e6
log4j-appserver-2.13.1.jar,0e2b0f44de8ba88e2d982b0412c5abfc4524cab0
log4j-appserver-2.13.1-javadoc.jar,dcd957b4a3d8c9fa76f601c2ce0fa5f966513557
log4j-appserver-2.13.1-sources.jar,ef1505bb8312dc617d9c51c912c6cae95fab73ad
log4j-cassandra-2.13.1.jar,698ca2171c00053fa4b7116be16caac46ff1df8b
log4j-cassandra-2.13.1-javadoc.jar,36bf85ddfc6c2b9a7799f72743f150a4f97aee04
log4j-cassandra-2.13.1-sources.jar,42eac7959383d7e9b5b0818666bea2b80fafc642
log4j-core-2.13.1.jar,5eb5ab96f8fc087135ef969ed99c76b64d255d44
log4j-core-2.13.1-javadoc.jar,2846e260038af0d50184b043aa636c0f1401d3fb
log4j-core-2.13.1-sources.jar,0470a7e899a69aee053c2241c3b32f66c77993c0
log4j-core-2.13.1-tests.jar,eb4111ee163965a56cdfea479ba8a7d5969bcd5c
log4j-couchdb-2.13.1.jar,c5705572126b2477ad6dfe4c9472308455aef1b5
log4j-couchdb-2.13.1-javadoc.jar,65441712a8209c066c2f7b27621e183060bc2004
log4j-couchdb-2.13.1-sources.jar,94e6b5f4b965594282c5c42cc7e0f598705e93f4
log4j-docker-2.13.1.jar,279ea6582f665f86861429362d66cb6ded163750
log4j-docker-2.13.1-javadoc.jar,a89b07fcecf2051298e4963aa9fd9d32598d6830
log4j-docker-2.13.1-sources.jar,233fa00c4aca0d321be56d089b7f52965c6114b1
log4j-flume-ng-2.13.1.jar,a041c69946d563c6acd0f0c7786b4df1ad8b5a3e
log4j-flume-ng-2.13.1-javadoc.jar,c1cbc9d3f9985c256926fc11ff8d4093db680a6a
log4j-flume-ng-2.13.1-sources.jar,271dcab36e0905ad9a20633e217c93c2e1f99881
log4j-iostreams-2.13.1.jar,136c07f8d0f8987545855610957205203e6b0fa8
log4j-iostreams-2.13.1-javadoc.jar,d31e0626e6808f9c59a747dd80bada5d4b4ff005
log4j-iostreams-2.13.1-sources.jar,9dbfb43d8067ab11e4390f5a0a84c33e6b0efc87
log4j-jcl-2.13.1.jar,33c981afb30cfeb4b78c5e385f6bd5299d0a1739
log4j-jcl-2.13.1-javadoc.jar,c370db4f4fb3e423cc0557d68544aafbb53afb0b
log4j-jcl-2.13.1-sources.jar,a0d22142e7d1b9c18ae5354ece06311d9aadde9e
log4j-jdbc-dbcp2-2.13.1.jar,38392ad2c3ce586049e416cef8df90fc289e6dc5
log4j-jdbc-dbcp2-2.13.1-javadoc.jar,f044e83b11fb368faeae1edf7fe6422bdc59127e
log4j-jdbc-dbcp2-2.13.1-sources.jar,d10407570ce13887cddcdf078a218b66a7fd014d
log4j-jmx-gui-2.13.1.jar,ad8a82f6967113b1869325e5cf3eae1425179d8d
log4j-jmx-gui-2.13.1-javadoc.jar,9dbf4250a739c2c763fbb29493bf961e02930038
log4j-jmx-gui-2.13.1-sources.jar,36a55558d4b0fb4bb22eace096dee33b9c77ac74
log4j-jpa-2.13.1.jar,1fb609c53a1097f6175029f32317231a2b4830c9
log4j-jpa-2.13.1-javadoc.jar,d5856b5bf164e38a4f2c4140d64bfbe879e81f63
log4j-jpa-2.13.1-sources.jar,2f9f3fa609da7e420c3735fb778aacdc859ecf51
log4j-jul-2.13.1.jar,13525bcd0ee0bd453b685b42364d7a297696b575
log4j-jul-2.13.1-javadoc.jar,6b3a1e29a6f5fdd3b1403ca74befe33576943c27
log4j-jul-2.13.1-sources.jar,19609e56cf3ae040ea8e9fa93c6665c94bb7a62b
log4j-liquibase-2.13.1.jar,46256f7a6d88a0255f763793a45e6b10f49f395a
log4j-liquibase-2.13.1-javadoc.jar,c5916a4bc07f4556567cf213b794655c234f6613
log4j-liquibase-2.13.1-sources.jar,0f5ecb20fe36735c5d6c9d6176c7bc77548a0c95
log4j-mongodb2-2.13.1.jar,181376ed22ca4dc321e5cd2f9d5fdb0ec3510c76
log4j-mongodb2-2.13.1-javadoc.jar,0a16d342b3dcfc7b12199eb553aca703e45ebdcc
log4j-mongodb2-2.13.1-sources.jar,974ea1fbe0f1f2ec3898ef19ac026cec48777775
log4j-mongodb3-2.13.1.jar,7b1e6a3f59b460dd0f99ce854aaca0568130ac83
log4j-mongodb3-2.13.1-javadoc.jar,f698fa9a6ea7e8ad77783f8dc2c2045256fa7343
log4j-mongodb3-2.13.1-sources.jar,63281e6505c1ce6450c2569bca725f1da1e35d35
log4j-slf4j18-impl-2.13.1.jar,9a8baac4ccdd9c014089d6e38ebd29ec23adcd87
log4j-slf4j18-impl-2.13.1-javadoc.jar,e1db2b48baf9eb00db1bf894928479a2100db19f
log4j-slf4j18-impl-2.13.1-sources.jar,d827743847791fdaedee725bada9badaf7545378
log4j-slf4j-impl-2.13.1.jar,7abed51b42f1a1131b5187801d4caff539d70b64
log4j-slf4j-impl-2.13.1-javadoc.jar,632be97c676f6943b889756b5232fb907c40a832
log4j-slf4j-impl-2.13.1-sources.jar,2ecbea21d532e9d37aa63fe49e7468fd06975065
log4j-spring-cloud-config-client-2.13.1.jar,e090c846e04022d971cebd7acabc47391368d299
log4j-spring-cloud-config-client-2.13.1-javadoc.jar,6ff353528d12458aa022b6a6e89ca0d37f78ef65
log4j-spring-cloud-config-client-2.13.1-sources.jar,8655a47852a1c6be619112255d4d163a87e05d53
log4j-taglib-2.13.1.jar,aa785f38e25cd87ad4b40c3c21acaed8de1843d9
log4j-taglib-2.13.1-javadoc.jar,b19ae319de83e6bc6a5d658fb61f8f895a507559
log4j-taglib-2.13.1-sources.jar,1b5d9959339b249a533c3e4311c016e9cdf81b0c
log4j-to-slf4j-2.13.1.jar,9b9fb5ae41036c80c9b077c83e7c991e4f4d0cf2
log4j-to-slf4j-2.13.1-javadoc.jar,0bf2cdcfef12c2a1a47d30d7de49d5d6dc6a7ed8
log4j-to-slf4j-2.13.1-sources.jar,14411ec14dc39f96e8fa2ee40caa4ef06155d720
log4j-web-2.13.1.jar,5538d69e6345e98d2f6ee1323af8f3eafa480b8e
log4j-web-2.13.1-javadoc.jar,be55442f2db326591befb2ec115e40e6ed85074a
log4j-web-2.13.1-sources.jar,5f0a3a1b2fac10784d8e20802fd846397caf6bcc
log4j-1.2-api-2.13.2.jar,e97616da37c96872b15bff43656d652a356ce10a
log4j-1.2-api-2.13.2-javadoc.jar,8533c2a182378a8d1d4b8d0be060ffda99a109cc
log4j-1.2-api-2.13.2-sources.jar,a8d3006cd81b595aa952d50969cc1e7ed009dcf8
log4j-api-2.13.2.jar,7c6567b745e90ff969df51c456a632770b004c36
log4j-api-2.13.2-javadoc.jar,72dfc1f77f4dc79bc50c43d46dd01019e56d88c9
log4j-api-2.13.2-sources.jar,d96a760ba1e659a9bef63cfacbf069f9afd061c8
log4j-appserver-2.13.2.jar,1ee40e6584c699319a8f1bdd77572496eab8b5b9
log4j-appserver-2.13.2-javadoc.jar,10db3dcfacaa0850b5b8ffeae77bdabd8baf87e6
log4j-appserver-2.13.2-sources.jar,3f9e6bebd863325a2d85264668e8fc978feccc0b
log4j-cassandra-2.13.2.jar,8aa00686255492a2010e76c7c54191cef089d737
log4j-cassandra-2.13.2-javadoc.jar,48c097ab2d7a36d830d684cedb1ff0dddd76cf8c
log4j-cassandra-2.13.2-sources.jar,b7737843bb9012764250e66a61e166d33231f581
log4j-core-2.13.2.jar,16f7b2f63b0290281294c2cbc4f26ba32f71de34
log4j-core-2.13.2-javadoc.jar,38197b1588c0d9497287c134137db4095f45cb95
log4j-core-2.13.2-sources.jar,552e337ad09d71744fdd76d029c90c2f66ea4405
log4j-core-2.13.2-tests.jar,fad2c8a5779341bbedeccf3b85133296c6549c1b
log4j-couchdb-2.13.2.jar,baa77a02bf72683572078712f873cf8beeb0a2a0
log4j-couchdb-2.13.2-javadoc.jar,25d633b4117a92bf60b259fad70c687b338d22c1
log4j-couchdb-2.13.2-sources.jar,be3055eaf2075445f315d076b97309475243460e
log4j-docker-2.13.2.jar,cabe444f1365bd502c6db9dba51353325ef61f89
log4j-docker-2.13.2-javadoc.jar,3b87c6bf424052964db1157ceb4bc606c9a4921f
log4j-docker-2.13.2-sources.jar,94ed82219ccf8047e9cd6f809ff2af3fed947ec2
log4j-flume-ng-2.13.2.jar,916c928a1277f420b84e24601801f7970667b037
log4j-flume-ng-2.13.2-javadoc.jar,c25b529a2978f4effc5ee6bf86cd2e3cef163f82
log4j-flume-ng-2.13.2-sources.jar,abf3eaed127feecd1075450b730755fcc19b40c8
log4j-iostreams-2.13.2.jar,ae39e47577138788341b0fd9785ee1c4c48b9723
log4j-iostreams-2.13.2-javadoc.jar,a60e4f7af04a0b0e7f9628a73006a3a80820765d
log4j-iostreams-2.13.2-sources.jar,58d53678618d29d1791ddad5e2aa9cde9c1c2531
log4j-jcl-2.13.2.jar,1bfc834facd576db3dd21a800ae06d0374fd6578
log4j-jcl-2.13.2-javadoc.jar,9b038820ecaba052c3f7cb17582816c5038af7b5
log4j-jcl-2.13.2-sources.jar,3c30a66443ff656d5178618f562ed5b2c98671bb
log4j-jdbc-dbcp2-2.13.2.jar,c400d80a019421626aad726ba185a13c33666d70
log4j-jdbc-dbcp2-2.13.2-javadoc.jar,c80f1ae464d42dd5a60aad513eca52e3d168ec87
log4j-jdbc-dbcp2-2.13.2-sources.jar,77e4cefeeb11d530e7c3ceece6a8e6ad5aa02eb0
log4j-jmx-gui-2.13.2.jar,b995802ae56b2f6fe0a72146f8f00f4b20198729
log4j-jmx-gui-2.13.2-javadoc.jar,33f360f92b17cd3c78fcc1d5e5442834c3900668
log4j-jmx-gui-2.13.2-sources.jar,a9caf840fb9a73c1b6175b62615243a459944132
log4j-jpa-2.13.2.jar,2ee0a995498cb257a0459a680fb9f1e3cc8ea11c
log4j-jpa-2.13.2-javadoc.jar,5e24616db530916532dc6f62190b6595681ed123
log4j-jpa-2.13.2-sources.jar,6e69a2bb94930e357518ac1a2e98c9652345788e
log4j-jul-2.13.2.jar,ee0260e85c59222325a496a542cb59cec5fb140a
log4j-jul-2.13.2-javadoc.jar,83073b4871d7f7ee561adf57e46493d8a35139d3
log4j-jul-2.13.2-sources.jar,5eb966432863f9a99f7c564f42d449ff25e36585
log4j-liquibase-2.13.2.jar,ae61116b9a402d5da7d79824c8138934ba8aed9a
log4j-liquibase-2.13.2-javadoc.jar,849634771cc63a0e32d041f5d0a80cd5c16bde8d
log4j-liquibase-2.13.2-sources.jar,5d9dc4174543c3ae2a2c11e65660c914ab5699c0
log4j-mongodb2-2.13.2.jar,733bba0bbd719aec98f094bbda9ee9a7ff66c626
log4j-mongodb2-2.13.2-javadoc.jar,5faead706e76417e88fc4fa766b6e057a964000e
log4j-mongodb2-2.13.2-sources.jar,5ce34f60fd841d73ff8ded7ce70248363992437e
log4j-mongodb3-2.13.2.jar,eaf363f5ccb4cf56bfdf032e39c340a2db799bee
log4j-mongodb3-2.13.2-javadoc.jar,758e45742af4cbe46a5d32f380eee2b62926b300
log4j-mongodb3-2.13.2-sources.jar,52b8fb0ba1f02fcff976efba4e9e082a42ad49d1
log4j-slf4j18-impl-2.13.2.jar,73f3c61db4922590ed8118107aa1cbebd4a21d83
log4j-slf4j18-impl-2.13.2-javadoc.jar,4207fa8039832e7aee01c1c2c42b295839b63cea
log4j-slf4j18-impl-2.13.2-sources.jar,e2ef40dd9aad3e39e3e957e4a7e7364709127ce8
log4j-slf4j-impl-2.13.2.jar,d25ed6267ff53d41ba466f67f742639e41d77a27
log4j-slf4j-impl-2.13.2-javadoc.jar,836f8210005a015b3a4cd0ec340a392c1e817468
log4j-slf4j-impl-2.13.2-sources.jar,0c4563e91607d085b2bb36395010491c44cebb9b
log4j-spring-cloud-config-client-2.13.2.jar,ac78b4b85ce106396558455ea06d2f4ee2d867ac
log4j-spring-cloud-config-client-2.13.2-javadoc.jar,7f10132aba363edc87ae9287cb98821994772507
log4j-spring-cloud-config-client-2.13.2-sources.jar,057f14c979e63299295977b52ceac09fe504d91e
log4j-taglib-2.13.2.jar,4dd9dc85a37d8ce0678a12458fccc77e1a0517a7
log4j-taglib-2.13.2-javadoc.jar,b088e93f3e07607432edc620618059784984180e
log4j-taglib-2.13.2-sources.jar,2ae593fd2716830e00df0ef1bfe89855d70e8b0d
log4j-to-slf4j-2.13.2.jar,107c9944077a170f93081ba2744dec23acc201e7
log4j-to-slf4j-2.13.2-javadoc.jar,acc12a2f3e074aa69546a49401cd751b87470241
log4j-to-slf4j-2.13.2-sources.jar,ce00ee343953275ee5d8c8d5cb963e572344cd81
log4j-web-2.13.2.jar,1a9af106440144c1e8cfd4a1440ee87ef259483f
log4j-web-2.13.2-javadoc.jar,c5a54f5c1ee261c6d81e0e479150af47222e2833
log4j-web-2.13.2-sources.jar,cbc27abb1bd0b8601f7d2ca60463546bd2f7ffbc
log4j-1.2-api-2.13.3.jar,71d6455c5c182bb9f3f28f4129b228efdb30d992
log4j-1.2-api-2.13.3-javadoc.jar,af15d6d84800a54c3396b12a45cbe3817d5b7699
log4j-1.2-api-2.13.3-sources.jar,ea4e3cb8d60c031c7504112a9d53fa46230cd3fe
log4j-api-2.13.3.jar,b710d93b59873041391408c2ec495f114acd5193
log4j-api-2.13.3-javadoc.jar,cf9efb051bc4a880b5f4f47a2490c84fe2ff8d7d
log4j-api-2.13.3-sources.jar,771ee273cda170b9a6e106280d2dab589b9f2b0d
log4j-appserver-2.13.3.jar,90f1876260da2bf9ee21c907d16c56e06d700e33
log4j-appserver-2.13.3-javadoc.jar,487798f83a4334cdd7b6336a0fefd1740e1d0438
log4j-appserver-2.13.3-sources.jar,55f5ade054d23db323ea167df8cb9e4992657e8c
log4j-cassandra-2.13.3.jar,ded85ca8e7aa6bb8ee301531cb36c59041e026e0
log4j-cassandra-2.13.3-javadoc.jar,310fdddf73eba68f1c9482e52f11d717e12bcf85
log4j-cassandra-2.13.3-sources.jar,80346788740840c994f302602078ab226de1d65d
log4j-core-2.13.3.jar,6556d71742808e4324eabc500bd7f2cc8c004440
log4j-core-2.13.3-javadoc.jar,f74c85fd2b6cd559c4001e8d8ef8d19110b09206
log4j-core-2.13.3-sources.jar,c9c01cac26361fdd8e2942643e4cbc7592ddf0b0
log4j-core-2.13.3-tests.jar,86b4657bb1db65339d08c098a01b4f5bb39ebe0c
log4j-couchdb-2.13.3.jar,63bfa470d0079753c3a4e6daefe1e52ce4c4e91a
log4j-couchdb-2.13.3-javadoc.jar,91d56221d22b7c464df606a9b6d3579f6dba360a
log4j-couchdb-2.13.3-sources.jar,5429f8eec14116f8826527717669cb3b1d41bf9a
log4j-docker-2.13.3.jar,41836cd21600d6fb22f505a73158e1d0731e8651
log4j-docker-2.13.3-javadoc.jar,d7e2901469d69f8baac3962acd78bbc3ff428ec3
log4j-docker-2.13.3-sources.jar,7aaa36a3df282c6c39c05efc9ef596d43dfbfd0d
log4j-flume-ng-2.13.3.jar,cd9fca44017c10ee8016bf9517ccff106540f1c3
log4j-flume-ng-2.13.3-javadoc.jar,6c3c0fe573092cd1d8e0a5f81cfb1c4cb4a697cc
log4j-flume-ng-2.13.3-sources.jar,e304e8938b4b71401d64a109d66a00d29e3280f9
log4j-iostreams-2.13.3.jar,807a884256631fd440ad80ac29af425ccc365383
log4j-iostreams-2.13.3-javadoc.jar,fdbad1f7e8299f30921cb52090f759b0c0549bdc
log4j-iostreams-2.13.3-sources.jar,e1c835b86bcf58c2b38be4b90a1de2cbedf8a9e4
log4j-jcl-2.13.3.jar,fbf3f7c0489f523e0684c6219d646e5076453103
log4j-jcl-2.13.3-javadoc.jar,12ac65995da08e5666d00ec6acacfc47ff443906
log4j-jcl-2.13.3-sources.jar,b02a94c0dc5cf779a8653d1da5798c17fbbacca9
log4j-jdbc-dbcp2-2.13.3.jar,4ed430d4de8f18bdfa20a5466b5a6a3bac4fe0e3
log4j-jdbc-dbcp2-2.13.3-javadoc.jar,f42cf73f462fd1b7984ae45367087b0f12158060
log4j-jdbc-dbcp2-2.13.3-sources.jar,4e1131e491203f251fa0d6c8859016c772ab2f9c
log4j-jmx-gui-2.13.3.jar,63716a001acdffe5d1e87253849dce2ac15f7bcc
log4j-jmx-gui-2.13.3-javadoc.jar,72536dbd544471e0f495bab9d7ee4150ef78e691
log4j-jmx-gui-2.13.3-sources.jar,47ced1f06bb287fb34b4f9309b2c2906b7791871
log4j-jpa-2.13.3.jar,21ef52759bbf63d8ad132fcbb51de1d1c4d38f06
log4j-jpa-2.13.3-javadoc.jar,687172c652747793a4dcfc0443d64c6d1b54f6ae
log4j-jpa-2.13.3-sources.jar,2183efbdb975a7983e71fa710f70efaa44a82ee5
log4j-jul-2.13.3.jar,b5207ef35e36234133ce40788bec7dea45dcab5e
log4j-jul-2.13.3-javadoc.jar,1f204e59899cba12d802c7e7ee21c5aa5984ab7a
log4j-jul-2.13.3-sources.jar,8b3661fbe5d87e5b177119b394ad1f5bd72f959b
log4j-liquibase-2.13.3.jar,a60e4f67bde4b888c20aecbac75e11b1eec41918
log4j-liquibase-2.13.3-javadoc.jar,87976e8a11412f2fbd71424c77826312c8986a48
log4j-liquibase-2.13.3-sources.jar,8b63b437007ea88a12b34e3e61e4f0a23884dc24
log4j-mongodb2-2.13.3.jar,a781fef6d7dabdd19cae1501138840f400e76d79
log4j-mongodb2-2.13.3-javadoc.jar,d91e515243e7be8c132e75b217014c8c47e0f6fb
log4j-mongodb2-2.13.3-sources.jar,c0c88a31dfa192b58491ad688b331ce84771d275
log4j-mongodb3-2.13.3.jar,34abe82816bbabd279481ccf6f21fbbc1ed04b4c
log4j-mongodb3-2.13.3-javadoc.jar,73d8d332c3162c801baeecdcf73feb50070641ca
log4j-mongodb3-2.13.3-sources.jar,83b8f8bc1f4b9eaff74b4863621d1c9e29413d9e
log4j-slf4j18-impl-2.13.3.jar,857775f38a960c6058d4540f6591926c1441b571
log4j-slf4j18-impl-2.13.3-javadoc.jar,8e4f8eafe2e8ea716c84183b02076db07be391a2
log4j-slf4j18-impl-2.13.3-sources.jar,87dc4ebc806ed4621f088753320c6b810464d5f0
log4j-slf4j-impl-2.13.3.jar,1b9ae240ee21ab03ae72b948ea0507a6d11adefc
log4j-slf4j-impl-2.13.3-javadoc.jar,2eb40fa5e6cc095a4c536d0021b75e93ae142f54
log4j-slf4j-impl-2.13.3-sources.jar,beeddb2efc79aa65ac6c08fa958a996086ab1a6e
log4j-spring-cloud-config-client-2.13.3.jar,4c955f10116e0a5e8e079881357fe05dec72c11f
log4j-spring-cloud-config-client-2.13.3-javadoc.jar,25bcb9f3df84ca2deecf87f89eaa5056651aad2e
log4j-spring-cloud-config-client-2.13.3-sources.jar,92029397f94fefef9226e0fe40fcad223e121658
log4j-taglib-2.13.3.jar,cdb3ee561ba54068bdc82ea4e6202e972fc7d45c
log4j-taglib-2.13.3-javadoc.jar,d86acf9dd36ad944f8535f106d6be85936a38273
log4j-taglib-2.13.3-sources.jar,4e7c95fe59df1fa9d0df623d6dbfd4418b3868a2
log4j-to-slf4j-2.13.3.jar,684376bf20823ba2d1100847673d25104184779e
log4j-to-slf4j-2.13.3-javadoc.jar,de0b55d4fd2a266bd6f9b9c37e878d40fcc4a2b9
log4j-to-slf4j-2.13.3-sources.jar,458d5f4299f34e798f9f76782d5c3a96bb192de6
log4j-web-2.13.3.jar,9b2f28071b71339d1c8103751771428d80bd7114
log4j-web-2.13.3-javadoc.jar,847971033b8237ce2a7731c685c17b48f620d7ca
log4j-web-2.13.3-sources.jar,a9df6d57b16c02cb3b04875de794f83c39f07fca
log4j-1.2-api-2.14.0.jar,ce8cd55d8138ce102aa5ba12ac13e2b6a110167e
log4j-1.2-api-2.14.0-javadoc.jar,04c74ffda0204afd7edc275ebd48d29bc95e9db8
log4j-1.2-api-2.14.0-sources.jar,62b07ebfa17651d5c847071421596a79945b01ed
log4j-api-2.14.0.jar,c532ba992e0d748dc2bfa8592ea09d5d19527755
log4j-api-2.14.0-javadoc.jar,48b4c01ecd8f708b4a37f1deb0553e5459f7a099
log4j-api-2.14.0-sources.jar,0a64d884be5921da1df24b54f5f1dde852282005
log4j-appserver-2.14.0.jar,ab5f664b1357a99c5b13c7c3c7509ca4e33bc10c
log4j-appserver-2.14.0-javadoc.jar,81b9771f7f5d00e7f72cabc9440132168f6f2437
log4j-appserver-2.14.0-sources.jar,e0c3b882e6bd6457e9ae39de4d061558dd7772a5
log4j-cassandra-2.14.0.jar,cfaa3684355664177bd927edfa3fd48ea6156918
log4j-cassandra-2.14.0-javadoc.jar,cbc3024dcc3aec1b877a7e975e28fc65d224b744
log4j-cassandra-2.14.0-sources.jar,de749d5b1454f2b24938a19e66653bd7561e2fe1
log4j-core-2.14.0.jar,94bc1813a537b3b5c04f9b4adead3c434f364a70
log4j-core-2.14.0-javadoc.jar,abc3dd9b7565ba7ab80f097fd85a1a13559daa8a
log4j-core-2.14.0-sources.jar,56c8c7b3285f4b711b5c30964d57664d97f2bff0
log4j-core-2.14.0-tests.jar,0009162263e1b361189e489460cd234da8243126
log4j-couchdb-2.14.0.jar,e75b2096295cf65590b358a415bdd7a403da69b3
log4j-couchdb-2.14.0-javadoc.jar,01b3e3d2698a92c7ab4f4358b56ea205cb86ca48
log4j-couchdb-2.14.0-sources.jar,375056ed6af3a97d585a340cbeac1bc96ef97e3b
log4j-docker-2.14.0.jar,25a448c51d33d8640c6ae6a5fccdafe9b8174e49
log4j-docker-2.14.0-javadoc.jar,a183164b1696eab93ab3ca4694b15df0cee0cb8d
log4j-docker-2.14.0-sources.jar,946ec2837a52f18a7d2b90eb016f4babf0d34d19
log4j-flume-ng-2.14.0.jar,85c7f430dd3026921dc360db1e96d91afb533542
log4j-flume-ng-2.14.0-javadoc.jar,0b7ddb60feb890b2be886b317124fb57f5001c48
log4j-flume-ng-2.14.0-sources.jar,ec1fe92bf60df556afa05760e9d77dec2b19ddec
log4j-iostreams-2.14.0.jar,beb0c444862e71da999fec5c8afce03d39e76252
log4j-iostreams-2.14.0-javadoc.jar,51ad5ca3633c309d2e95a5306bfaa6e1ffb10f30
log4j-iostreams-2.14.0-sources.jar,7331233b73b4c0d38f0c965e10a0ba939efbf35e
log4j-jcl-2.14.0.jar,1600323b15cda5c33424978e5cb179c67941aa8c
log4j-jcl-2.14.0-javadoc.jar,d9afa6dece3637c2bb069dd1634b67c1f8fccf6e
log4j-jcl-2.14.0-sources.jar,c5b5c334f77a74ba84a37236bb93d99c0cf2f9d5
log4j-jdbc-dbcp2-2.14.0.jar,77871af85a73a5e4c7a7931de52b98ffa747c7f9
log4j-jdbc-dbcp2-2.14.0-javadoc.jar,c1ce82d1bc233770d82198533cc0c4f048c797bf
log4j-jdbc-dbcp2-2.14.0-sources.jar,02b39d03a88e3a6c0f00b9aa219fb97e8d3551bd
log4j-jmx-gui-2.14.0.jar,ba462777ff6665e512be18058fb4a6d62b97e561
log4j-jmx-gui-2.14.0-javadoc.jar,8a57641beac9d62326a4d56cb434e97c1178c78a
log4j-jmx-gui-2.14.0-sources.jar,4e3d92f0ef768aecf9d8bd6029e16deba7f865c5
log4j-jpa-2.14.0.jar,902e71ed585e0357faf5db693609b60460e43983
log4j-jpa-2.14.0-javadoc.jar,896673036b67f63cc50cf6a83e1ab0b3051f3463
log4j-jpa-2.14.0-sources.jar,7a31af4660953dc8a78ce086ec7193d0143f3c0c
log4j-jul-2.14.0.jar,a48f977f56f536c44e3d130c5084f8d7efe20f7b
log4j-jul-2.14.0-javadoc.jar,e4ed26161a09c2e5790797cd5f618174c0af3964
log4j-jul-2.14.0-sources.jar,32a1a037345343080cbd850a44ad9b1de664bff5
log4j-liquibase-2.14.0.jar,4dc2cbda3dbc207fd4452672b3b50fc9d410bffe
log4j-liquibase-2.14.0-javadoc.jar,37569c4be02215a40b6a37422362b112a0bee6f2
log4j-liquibase-2.14.0-sources.jar,153a3938bba2063bb80d5c930d2b60403c710137
log4j-mongodb3-2.14.0.jar,d24eeaa3d7f22d281b66cecca42f8d9c2bd54209
log4j-mongodb3-2.14.0-javadoc.jar,c0662024ee71854cc225010e9701c46ee904a3a0
log4j-mongodb3-2.14.0-sources.jar,96f2321d09a7269b90c25d2bf8c7fa9d6c9555b5
log4j-mongodb4-2.14.0.jar,c397233818f2d799eee5d12423761df3de7b0e03
log4j-mongodb4-2.14.0-javadoc.jar,ebbe29a59a7b23096e2bb3d57cfbe264aca4ab82
log4j-mongodb4-2.14.0-sources.jar,833832fa32d372205f28056b2ca6d8676636d3a9
log4j-slf4j18-impl-2.14.0.jar,cd5986d75ae44e0b846a7f206712763d75187a2c
log4j-slf4j18-impl-2.14.0-javadoc.jar,5840bb2f3148e6194f4ee1c13e5dceec69f26037
log4j-slf4j18-impl-2.14.0-sources.jar,acafbe8e7d1ffe87deed04740ca933da0be6f49c
log4j-slf4j-impl-2.14.0.jar,79f3b3b85a8e75663f843c1ad14d94c1d6c65269
log4j-slf4j-impl-2.14.0-javadoc.jar,78819950c32e96270cc16fab6dac963b25105fad
log4j-slf4j-impl-2.14.0-sources.jar,451861fa6a3e2484deae84d35c47dc820d6edd51
log4j-spring-boot-2.14.0.jar,9420a95e60f2db6b5ed2f2a75aca74d75aa65960
log4j-spring-boot-2.14.0-javadoc.jar,dd094031cfe80a7d5a88f7f8b7a84858b3043054
log4j-spring-boot-2.14.0-sources.jar,49575f7c32918db83277d76512da0ee189244a33
log4j-spring-cloud-config-client-2.14.0.jar,a3f2f734b8fc3b4d910d6922b26f1c78532e5ba4
log4j-spring-cloud-config-client-2.14.0-javadoc.jar,11a57fa03974404cbcc20c5b215508b28348a67a
log4j-spring-cloud-config-client-2.14.0-sources.jar,20ac9cb688dc263806c75b00e40a35a337e66abe
log4j-taglib-2.14.0.jar,2afcc3c1275458fca86ffd39fed38ed4f9cfdf86
log4j-taglib-2.14.0-javadoc.jar,2447643156f5487f7136c93c41333339b0a81ced
log4j-taglib-2.14.0-sources.jar,3723584334a0e08f3f5d53fcb89b0ed5d00e19a4
log4j-to-slf4j-2.14.0.jar,1af953f7539308ae9b8ebbce15b4bfd36484c5fa
log4j-to-slf4j-2.14.0-javadoc.jar,f899607a59672ff08a8e16d465cbd6b54204618a
log4j-to-slf4j-2.14.0-sources.jar,433baaf7d034e2fd321700bbcae9575dc4bfd138
log4j-web-2.14.0.jar,2a7c00d7a95ccb0d8866eec3052da2207f7b0cd5
log4j-web-2.14.0-javadoc.jar,e04b613b1e7e56d1f1028e4c387b7464fbfc8995
log4j-web-2.14.0-sources.jar,b4ed77769d7d33da853f17c00055e644d573afe4
log4j-1.2-api-2.14.1.jar,e8c2f63f92f3edc1f5c7f8ee06d483b7c882bf1d
log4j-1.2-api-2.14.1-javadoc.jar,4e5cfbcad48a8b5a2388206e97f9f2acfcd41588
log4j-1.2-api-2.14.1-sources.jar,2f42b78fc6693e01ce0dd50716927d8cf2841bca
log4j-api-2.14.1.jar,46b125b0f26036d20b709408363934c29b0cf549
log4j-api-2.14.1-javadoc.jar,f1902dbcd58b425b7c9c9a414ad600efb1a3a054
log4j-api-2.14.1-sources.jar,a599768e10176cae55b1ec6cde84b74c550af231
log4j-appserver-2.14.1.jar,51aa5874157a26a1bcdfbc98a9dade64dd037814
log4j-appserver-2.14.1-javadoc.jar,1dd17508530b2aca9de6cd1dad8fa52f6ba29963
log4j-appserver-2.14.1-sources.jar,e22baa44cafa7a15f5728be5ace64f5a8b211fc0
log4j-cassandra-2.14.1.jar,65e5ca87231e0a532a7cc57c6dc8f724d5c87b73
log4j-cassandra-2.14.1-javadoc.jar,96cc4653acb1ca28170bb2417d57a6ae5a858ab5
log4j-cassandra-2.14.1-sources.jar,4c38c5d2d8b6d08564dbfd8fdeef4952cb8f7a1c
log4j-core-2.14.1.jar,c476bd8acb6e7e55f14195a88fa8802687fcf542
log4j-core-2.14.1-javadoc.jar,c3537d3b55d6fbf15b6d73263a4cba624f55e098
log4j-core-2.14.1-sources.jar,5713d3c2635d52ed976686556043ca7b5b7b0305
log4j-core-2.14.1-tests.jar,ff57e803b2a7c9242f7f4c506f627c69ae94308f
log4j-couchdb-2.14.1.jar,6c6c2a683d51e87545ff2bd5afc78f679d7ffc99
log4j-couchdb-2.14.1-javadoc.jar,198d129b581311682035b2bfd85754c1db829e56
log4j-couchdb-2.14.1-sources.jar,f5f8a212fd7a6ce5ab38f9c328591d4f3205fd11
log4j-docker-2.14.1.jar,a46d9240b480af03b6e3c1dbf29868c38e23cd38
log4j-docker-2.14.1-javadoc.jar,0fcb4c0da25600848315ba9a4fb42858009a98f5
log4j-docker-2.14.1-sources.jar,70e39b1edf21fdf884a7f6a051db2e2d8eb3484c
log4j-flume-ng-2.14.1.jar,cbbc095a1f2ddf02f55ff3a3776dcfd27ada37d6
log4j-flume-ng-2.14.1-javadoc.jar,2e83f391059e544aa1546b7adceaea4599e8f6dc
log4j-flume-ng-2.14.1-sources.jar,fe54872f75811ddddfa2f6b5315a414b55f0dec6
log4j-iostreams-2.14.1.jar,60e44db29ecfb68ec63e18101c86550c5206e342
log4j-iostreams-2.14.1-javadoc.jar,9c087244a39242eb8316994b055b19ba58bb31c5
log4j-iostreams-2.14.1-sources.jar,02613f452e5ccaf8f52b3ff68a82e20dea5614d2
log4j-jcl-2.14.1.jar,c9e40672a94a703831b21b36238d31ec678601df
log4j-jcl-2.14.1-javadoc.jar,5d887d3ed437f1648cb5c2b827b63c1e2938a351
log4j-jcl-2.14.1-sources.jar,612ffa60dab5dbb291572ef472f6cf3b73b45bf8
log4j-jdbc-dbcp2-2.14.1.jar,3219131d8a147b1a672ad5eac5befb7632dcb0ed
log4j-jdbc-dbcp2-2.14.1-javadoc.jar,d12d64555ed3848ce071bb49580137b0901218f0
log4j-jdbc-dbcp2-2.14.1-sources.jar,90d956a4a91a02e83546d196bb6a2f5a0f9cdd95
log4j-jmx-gui-2.14.1.jar,4d4ce1a4e7e2162bdfc9bbe76d76f90a41aed08a
log4j-jmx-gui-2.14.1-javadoc.jar,1f336e2a9541fbb09ae95e3f0dee3cf08147536c
log4j-jmx-gui-2.14.1-sources.jar,bb7278e88e0e0d72b3f1242ed382ec5827a96334
log4j-jpa-2.14.1.jar,962f1efc5c96d518ec512c2afee703913b7a670a
log4j-jpa-2.14.1-javadoc.jar,6d7c7a8d415fddc57b29297ecafc562e33cffb90
log4j-jpa-2.14.1-sources.jar,85da903f6ae0d8e950783f2311f588fb4f9fe926
log4j-jul-2.14.1.jar,ff1320451c4a3ae1cb6679f68bdd9c525e5afc77
log4j-jul-2.14.1-javadoc.jar,f510a8b587645b76dc5740a20dde4111ce01d10e
log4j-jul-2.14.1-sources.jar,8aa08e6683f62efa57f1ddf211dc978355d2cad3
log4j-liquibase-2.14.1.jar,e521e5b9265b828281056a605efe46b21f4e285d
log4j-liquibase-2.14.1-javadoc.jar,aa7530019f4734645a4f5ec598e78fa118fde26e
log4j-liquibase-2.14.1-sources.jar,365a1113537675f1f9cae8fe23cae9505c6789da
log4j-mongodb3-2.14.1.jar,d31c072ae70fe08bcae0426a6290d97d12eb6e9e
log4j-mongodb3-2.14.1-javadoc.jar,1114c4d4c4c4c9b707d2e7e2290b26557f1e8965
log4j-mongodb3-2.14.1-sources.jar,bc0e97b0c71dcfe54078c9a0f6035cbd294b29bf
log4j-mongodb4-2.14.1.jar,80c53c9e83fdbc735225ded3262295db5466c0ce
log4j-mongodb4-2.14.1-javadoc.jar,82d810a0ee8fdddc32672ce617e73c6bb26bd669
log4j-mongodb4-2.14.1-sources.jar,4136cafb48830b68e7d31f30f424736c08a597c0
log4j-slf4j18-impl-2.14.1.jar,09c296b9dbd2f7623d85260e9e137cd9742534f2
log4j-slf4j18-impl-2.14.1-javadoc.jar,ec4a36dd876df71d38bef47c0821e57157b1ef9f
log4j-slf4j18-impl-2.14.1-sources.jar,72280540659ea6e91dc199f00d6efbfeae56d85b
log4j-slf4j-impl-2.14.1.jar,436625d3f77c0c352f5a6162c81ef6a6972125e6
log4j-slf4j-impl-2.14.1-javadoc.jar,1785583b6a794a0b8e5d10481c71d5d45dc857b2
log4j-slf4j-impl-2.14.1-sources.jar,5d7d99ee7b381ab82e68fd954af9de32fe43cec2
log4j-spring-boot-2.14.1.jar,300ceeb2ee7342afdab76de82c313922084332a4
log4j-spring-boot-2.14.1-javadoc.jar,e3e1c3ef2873b39c9ca30bdf940fcc542a36c7d0
log4j-spring-boot-2.14.1-sources.jar,876facfa295b0ac47ae15f9e14f9d4f440e53a20
log4j-spring-cloud-config-client-2.14.1.jar,8c4b568a6473766f7095f544361914e362fe399c
log4j-spring-cloud-config-client-2.14.1-javadoc.jar,8938bf801dcb5c3f7671411ce333f3d08e5b5a24
log4j-spring-cloud-config-client-2.14.1-sources.jar,89631277007b351996f4ba3cc170acccfa8b7a75
log4j-taglib-2.14.1.jar,24394f850358d1fa856f5ca256ade6e40879d682
log4j-taglib-2.14.1-javadoc.jar,0f85de609bd85e8f3e1be89f69a8944f7f74d558
log4j-taglib-2.14.1-sources.jar,988a9178a8935d12cd46a727d81ab5b528f002d8
log4j-to-slf4j-2.14.1.jar,b5de4506c96718ae1f23c3237ac805eec8bd3ca4
log4j-to-slf4j-2.14.1-javadoc.jar,63561f99fb9087fc14e75c8eeb5ec1018872a195
log4j-to-slf4j-2.14.1-sources.jar,c763362df802840a0cdad254db39d1840c3ae1a7
log4j-web-2.14.1.jar,f9a478d9d4dc5a40c8960a1dc9207c07eda0a3cd
log4j-web-2.14.1-javadoc.jar,19f557c2825424dd45da52b70471b53e35c9a6bb
log4j-web-2.14.1-sources.jar,6d3442a669ccd8d3ea6428d639227f474b0a2554
log4j-1.2-api-2.1.jar,ad7e98cf59bcba2c00a0cd0b37f9c4b69b208cae
log4j-1.2-api-2.1-javadoc.jar,5c99a0ca12c48679e57bf89a2180b5463d03b424
log4j-1.2-api-2.1-sources.jar,10f452847962bf53f7e9933158a57228f608752d
log4j-api-2.1.jar,588c32c91544d80cc706447aa2b8037230114931
log4j-api-2.1-javadoc.jar,f75c82d2bb2550259644dd88333ae2d3ff827dbc
log4j-api-2.1-sources.jar,171e4563feb5bf66ef790a8e679557a03b378f8e
log4j-core-2.1.jar,31823dcde108f2ea4a5801d1acc77869d7696533
log4j-core-2.1-javadoc.jar,046ea972e6a961690b5e0e08455287332d8238ef
log4j-core-2.1-sources.jar,6e6c4141f6d96e57fd48df5d398a122226ef92d7
log4j-core-2.1-tests.jar,7c57bbed46392f7cee5c486ef935b0860b37593c
log4j-flume-ng-2.1.jar,def27d11c89473811a9e036f6dad61e814dff36c
log4j-flume-ng-2.1-javadoc.jar,678ae960afe8fa4a224a8c3715f605b7b0283735
log4j-flume-ng-2.1-sources.jar,c6ef7443146faa15114e7acb70e94b1298f7b2a0
log4j-iostreams-2.1.jar,0c1229c333a2b495fe6e8334493c6c6c1a89bdb9
log4j-iostreams-2.1-javadoc.jar,1d208e0f6b3105426ed32f2badb49e4ec36f7303
log4j-iostreams-2.1-sources.jar,ab36dedd0ae73b3d1bb37bb9e519afd62535e8f8
log4j-jcl-2.1.jar,58f1362403f0100da0415f69beaa78fa88fd4ed7
log4j-jcl-2.1-javadoc.jar,e28235728516c7e04069a425e246d1d66691d321
log4j-jcl-2.1-sources.jar,3f559f1b4f1cb327eab59dc1f91d5001805735a9
log4j-jmx-gui-2.1.jar,08aec04ad9fc55647468b183a8cefdefdef91618
log4j-jmx-gui-2.1-javadoc.jar,101651e5d6daf5577f10529a5ce1dd86b56bc059
log4j-jmx-gui-2.1-sources.jar,5613612fe99aed1d49d9642a0cbfc14639342259
log4j-jul-2.1.jar,de6f610a8a29537ea6476332938e48981b2bd4c9
log4j-jul-2.1-javadoc.jar,5db7cb177a6a70159205d169d300ec237182efc6
log4j-jul-2.1-sources.jar,b31603c12848396edbe19fd256bfcfe237ded552
log4j-nosql-2.1.jar,f40d2dedb16735f65b5c1454cba56b8b292bc057
log4j-nosql-2.1-javadoc.jar,ffbdcdadeefc1144c55beb6e0c975c39eaa24cb8
log4j-nosql-2.1-sources.jar,4d0fb060fbccfbb2961d505337ca44aefa681a0c
log4j-slf4j-impl-2.1.jar,0fe9d0925aeee68b743e9ea4b68ca9190a2a411a
log4j-slf4j-impl-2.1-javadoc.jar,0cf46471f262ca6626babefa5e256dbea8712720
log4j-slf4j-impl-2.1-sources.jar,84e0d304645800acb10d9113f462d4400a13d12f
log4j-taglib-2.1.jar,4151e6bcb470892fa816ea67bfc37d0224699bfb
log4j-taglib-2.1-javadoc.jar,00700084d85e1d03e0cb0b7e09ae46cba05142ab
log4j-taglib-2.1-sources.jar,a999efe60a3f0ef6ef57fc01e2fb21b0cb2ca1ba
log4j-to-slf4j-2.1.jar,30b1ae2f85d5faa6abf9d0efb7513655aaf4085b
log4j-to-slf4j-2.1-javadoc.jar,d97f9c341fa5891ade520f42100d022a41ff2c35
log4j-to-slf4j-2.1-sources.jar,4a94ebbb9d5b9b2ee2fabdb11743937ead50f79e
log4j-web-2.1.jar,2669b0283458025fe26655638a75d439971ac796
log4j-web-2.1-javadoc.jar,7e5d579a2a0bb7177c0cec88484166acfb573ea4
log4j-web-2.1-sources.jar,d5e8cf481599e11b873f392d456c3e32e6a0c42f
log4j-core-2.0.1.jar,895130076efaf6dcafb741ed7e97f2d346903708
log4j-core-2.0.2.jar,13521c5364501478e28c77a7f86b90b6ed5dbb77
log4j-core-2.0-alpha1.jar,e7dc681a6da4f2f203dccd1068a1ea090f67a057
log4j-core-2.0-alpha2.jar,685125b7b8bbd7c2f58259937090ac2ae9bcb129
log4j-core-2.0-beta1.jar,7058796a0aa49ea21ea2cc7bf9dece0d3b8942ae
log4j-core-2.0-beta2.jar,b5f9c15e1fb18d84193ac10e4bfb88af1724f5cd
log4j-core-2.0-beta3.jar,80b690d982b030fb2f04854407744ff44e0b72ea
log4j-core-2.0-beta4.jar,8f87799c2bd24c120812ed3d5271b743cfc999b5
log4j-core-2.0-beta5.jar,b853dec96e815981280fb9a1cc08332a6ed946f9
log4j-core-2.0-beta6.jar,1fb514bfbec10815d68953ed2fc4dd8c98ee245f
log4j-core-2.0-beta7.jar,a727fe8e718b18d541f67077c99b2ca129f77065
log4j-core-2.0-beta8.jar,f6ed9c56c8d58c4670059ddf417df23c9a78ff30
log4j-core-2.0-beta9.jar,678861ba1b2e1fccb594bb0ca03114bb05da9695
log4j-core-2.0.jar,7621fe28ce0122d96006bdb56c8e2cfb2a3afb92
log4j-core-2.0-rc1.jar,4363cdf913a584fe8fa72cf4c0eaae181ef7d1eb
log4j-core-2.0-rc2.jar,2e8d52acfc8c2bbbaa7baf9f3678826c354f5405
log4j-core-2.10.0.jar,c90b597163cd28ab6d9687edd53db601b6ea75a1
log4j-core-2.11.0.jar,e6b751e02120c08702d98750f6a80bc25343b7f5
log4j-core-2.11.1.jar,592a48674c926b01a9a747c7831bcd82a9e6d6e4
log4j-core-2.11.2.jar,6c2fb3f5b7cd27504726aef1b674b542a0c9cf53
log4j-core-2.12.0.jar,01723837573e4c5dbc8840f9f6e8f79b245b94bb
log4j-core-2.12.1.jar,4382e93136c06bfb34ddfa0bb8a9fb4ea2f3df59
log4j-core-2.13.0.jar,57b8b57dac4c87696acb4b8457fd8cbf4273d40d
log4j-core-2.13.1.jar,533f6ae0bb0ce091493f2eeab0c1df4327e46ef1
log4j-core-2.13.2.jar,8eb1fc1914eb2550bf3ddea26917c9a7cbb00593
log4j-core-2.13.3.jar,4e857439fc4fe974d212adaaaa3b118b8b50e3ec
log4j-core-2.14.0.jar,e257b0562453f73eabac1bc3181ba33e79d193ed
log4j-core-2.14.1.jar,9141212b8507ab50a45525b545b39d224614528b
log4j-core-2.15.0.jar,ba55c13d7ac2fd44df9cc8074455719a33f375b9
log4j-core-2.1.jar,31823dcde108f2ea4a5801d1acc77869d7696533
log4j-core-2.2.jar,c707664e020218f8529b9a5e55016ee15f0f82ac
log4j-core-2.3.jar,58a3e964db5307e30650817c5daac1e8c8ede648
log4j-core-2.4.1.jar,a5334910f90944575147fd1c1aef9f407c24db99
log4j-core-2.4.jar,0d99532ba3603f27bebf4cdd3653feb0e0b84cf6
log4j-core-2.5.jar,7ed845de1dfe070d43511fab321784e6c4118398
log4j-core-2.6.1.jar,2b557bf1023c3a3a0f7f200fafcd7641b89cbb83
log4j-core-2.6.2.jar,00a91369f655eb1639c6aece5c5eb5108db18306
log4j-core-2.6.jar,a7cb258b9c36f49c148834a3a35b53fe73c28777
log4j-core-2.7.jar,a3f2b4e64c61a7fc1ed8f1e5ba371933404ed98a
log4j-core-2.8.1.jar,4ac28ff2f1ddf05dae3043a190451e8c46b73c31
log4j-core-2.8.2.jar,979fc0cf8460302e4ffbfe38c1b66a99450b0bb7
log4j-core-2.8.jar,2be463a710be42bb6b4831b980f0d270b98ff233
log4j-core-2.9.0.jar,052f6548ae1688e126c29b5dc400929dc0128615
log4j-core-2.9.1.jar,c041978c686866ee8534f538c6220238db3bb6be